candidate,r2_threshold,switch_buffer,ann_return_full,ann_return_last_10y,ann_return_last_1y,ann_return_last_3y,ann_return_last_5y,ann_vol_full,ann_vol_last_10y,ann_vol_last_1y,ann_vol_last_3y,ann_vol_last_5y,sharpe_repo_full,sharpe_repo_last_10y,sharpe_repo_last_1y,sharpe_repo_last_3y,sharpe_repo_last_5y,max_dd_full,max_dd_last_10y,max_dd_last_1y,max_dd_last_3y,max_dd_last_5y,avg_turnover_full,avg_turnover_last_10y,avg_turnover_last_1y,avg_turnover_last_3y,avg_turnover_last_5y,holding_day_ratio_full,holding_day_ratio_last_10y,holding_day_ratio_last_1y,holding_day_ratio_last_3y,holding_day_ratio_last_5y,cost_total_full,cost_total_last_10y,cost_total_last_1y,cost_total_last_3y,cost_total_last_5y,ann_return_delta_vs_off_full,max_dd_delta_vs_off_full,ann_return_delta_vs_off_last_10y,max_dd_delta_vs_off_last_10y,ann_return_delta_vs_off_last_5y,max_dd_delta_vs_off_last_5y,ann_return_delta_vs_off_last_3y,max_dd_delta_vs_off_last_3y,ann_return_delta_vs_off_last_1y,max_dd_delta_vs_off_last_1y,decision_hint,stability_label
r2_off,off,1.0,0.26887919630600443,0.3453316315428874,0.38262812318433603,0.6083141897867106,0.49146386624645033,0.25460504438911274,0.24231764211886048,0.31939981087959024,0.29149854821173,0.26839790822800824,1.0622269991800415,1.344651479265608,1.1742666235037937,1.7742172088624086,1.62217662713134,-0.3979226332491812,-0.21482886172980264,-0.17184869163190486,-0.17184869163190497,-0.21482886172980264,0.19256567915036332,0.22698412698412698,0.35714285714285715,0.2671957671957672,0.24603174603174602,0.9821129122414757,1.0,1.0,1.0,1.0,0.689,0.5720000000000001,0.09000000000000001,0.202,0.31000000000000005,0.0,0.0,0.0,0.0,0.0,0.0,0.0,0.0,0.0,0.0,boundary_mapping,pending_review
r2_0.000,0.0,1.0,0.26887919630600443,0.3453316315428874,0.38262812318433603,0.6083141897867106,0.49146386624645033,0.25460504438911274,0.24231764211886048,0.31939981087959024,0.29149854821173,0.26839790822800824,1.0622269991800415,1.344651479265608,1.1742666235037937,1.7742172088624086,1.62217662713134,-0.3979226332491812,-0.21482886172980264,-0.17184869163190486,-0.17184869163190497,-0.21482886172980264,0.19256567915036332,0.22698412698412698,0.35714285714285715,0.2671957671957672,0.24603174603174602,0.9821129122414757,1.0,1.0,1.0,1.0,0.689,0.5720000000000001,0.09000000000000001,0.202,0.31000000000000005,0.0,0.0,0.0,0.0,0.0,0.0,0.0,0.0,0.0,0.0,boundary_mapping,pending_review
r2_0.010,0.01,1.0,0.24308486100575055,0.34267676776257927,0.3573206826784723,0.5841166416331869,0.4693849477219054,0.2527062741662356,0.24220395844223228,0.31914309686411085,0.29188804689331294,0.2685696212717804,0.987032759121211,1.3370026967263118,1.116993009181983,1.7202043281679484,1.5656900009278536,-0.40873878883078485,-0.2089235976207987,-0.17184869163190508,-0.17184869163190475,-0.20892359762079937,0.23616545556176635,0.24682539682539684,0.3888888888888889,0.2962962962962963,0.26825396825396824,0.9734488541084405,1.0,1.0,1.0,1.0,0.845,0.6220000000000001,0.098,0.224,0.338,-0.02579433530025388,-0.010816155581603648,-0.002654863780308103,0.005905264109003938,-0.02207891852454491,0.005905264109003272,-0.024197548153523707,2.220446049250313e-16,-0.025307440505863754,-2.220446049250313e-16,boundary_mapping,pending_review
r2_0.025,0.025,1.0,0.24057107474782624,0.35509674269998337,0.38908537025978185,0.6089326230215308,0.488628968895539,0.2518450149259774,0.24143661178793277,0.32108389601408194,0.2928456258949678,0.26893649943017006,0.9814861584384699,1.3786390519385667,1.1842725161536096,1.7687139276342492,1.6123769379359023,-0.43058838553776124,-0.20207556414899186,-0.1718486916319052,-0.17184869163190497,-0.2020755641489913,0.24231414197875908,0.25396825396825395,0.3968253968253968,0.30423280423280424,0.2761904761904762,0.9689770821688094,0.9996031746031746,1.0,1.0,1.0,0.867,0.6400000000000001,0.1,0.23,0.34800000000000003,-0.02830812155817819,-0.03266575228858004,0.009765111157095996,0.012753297580810785,-0.0028348973509113584,0.01275329758081134,0.0006184332348202481,0.0,0.0064572470754458156,-3.3306690738754696e-16,boundary_mapping,pending_review
r2_0.050,0.05,1.0,0.24093912063669176,0.33124630843675873,0.44094899382456787,0.5948645421631824,0.47260081422191846,0.24957658192502738,0.24277394194517454,0.32376611784891196,0.29518901683616683,0.27062482164879065,0.9893355248109901,1.299204842928658,1.290562843774378,1.7272281145618433,1.563955430209325,-0.3506972023788212,-0.2319274441655198,-0.1718486916319053,-0.17568768308938987,-0.18661909720009717,0.2529346003353829,0.26746031746031745,0.42063492063492064,0.32275132275132273,0.2920634920634921,0.9597540525433202,0.9996031746031746,1.0,1.0,1.0,0.905,0.674,0.10600000000000001,0.244,0.368,-0.02794007566931267,0.04722543087036002,-0.014085323106128644,-0.017098582435717158,-0.018863052024531868,0.028209764529705472,-0.013449647623528183,-0.003838991457484897,0.05832087064023184,-4.440892098500626e-16,boundary_mapping,pending_review
r2_0.075,0.075,1.0,0.24997514716815705,0.3191719921350198,0.47150226742028156,0.5865785899712661,0.47009914144229126,0.24848185966404987,0.24207415332437449,0.3209384128225903,0.2948198788974441,0.27007312012647655,1.0217899241519617,1.2645757500994521,1.3644729638272184,1.7112956384377218,1.5602728512048376,-0.30705405787806495,-0.2244588435309356,-0.17184869163190475,-0.20531901436868005,-0.20531901436867972,0.25405254332029065,0.27380952380952384,0.4126984126984127,0.3201058201058201,0.2968253968253968,0.9527669088876467,0.9988095238095238,1.0,1.0,1.0,0.909,0.6900000000000001,0.10400000000000001,0.242,0.374,-0.01890404913784738,0.09086857537111626,-0.026159639407867585,-0.009629981801132947,-0.021364724804159074,0.009509847361122925,-0.021735599815444484,-0.03347032273677508,0.08887414423594553,1.1102230246251565e-16,boundary_mapping,pending_review
r2_0.100,0.1,1.0,0.2598917393339939,0.34461755991591714,0.49901725374465844,0.6164259922041941,0.5018833886312195,0.2478321428884789,0.2419956761258662,0.32196923223265933,0.2965294626904403,0.2700647114640274,1.0557240968567427,1.3439244909560837,1.418756051819534,1.7660724704126125,1.6395953867493267,-0.3040237361807847,-0.18999725377327625,-0.17184869163190486,-0.1814025340142268,-0.18999725377327537,0.25181665735047515,0.273015873015873,0.4126984126984127,0.32275132275132273,0.29523809523809524,0.946618222470654,0.998015873015873,1.0,1.0,1.0,0.901,0.6880000000000001,0.10400000000000001,0.244,0.372,-0.008987456972010532,0.09389889706839649,-0.0007140716269702363,0.02483160795652639,0.010419522384769175,0.02483160795652728,0.008111802417483549,-0.00955384238232182,0.1163891305603224,0.0,boundary_mapping,pending_review
r2_0.125,0.125,1.0,0.28488554398886623,0.34922684157712847,0.4964973774723067,0.6188836917739673,0.5020713012795295,0.2426682905759621,0.24071639569537123,0.32275887132987746,0.2956194115036645,0.26927898149561474,1.153878739115116,1.364039373440117,1.4108377134579033,1.7757721412622884,1.6440702922010477,-0.29209838232262275,-0.1978678052741173,-0.17184869163190464,-0.18804952362185456,-0.19786780527411707,0.24846282839575182,0.2722222222222222,0.3968253968253968,0.3201058201058201,0.29365079365079366,0.9407490217998882,0.9972222222222222,1.0,1.0,1.0,0.889,0.686,0.1,0.242,0.37,0.0160063476828618,0.10582425092655845,0.0038952100342410922,0.016961056455685353,0.010607435033079149,0.016961056455685575,0.010569501987256702,-0.016200831989949593,0.11386925428797068,2.220446049250313e-16,boundary_mapping,pending_review
r2_0.150,0.15,1.0,0.26499361917886066,0.32052514974515844,0.4964378994703751,0.6256818603938472,0.4951390822460773,0.24341426859944384,0.24288412693423744,0.32284423248534616,0.29608486852481164,0.26972841868368513,1.0869672031995605,1.2654588722360558,1.4104293968147568,1.7876293884150074,1.6246020651785278,-0.24602826574307224,-0.228684551962963,-0.1583538710310125,-0.2206680016752196,-0.22868455196296378,0.25405254332029065,0.28174603174603174,0.3968253968253968,0.3201058201058201,0.30158730158730157,0.9332029066517608,0.9964285714285714,1.0,1.0,1.0,0.909,0.7100000000000001,0.1,0.24200000000000002,0.38000000000000006,-0.003885577127143769,0.15189436750610896,-0.02480648179772893,-0.013855690233160356,0.0036752159996269462,-0.013855690233161133,0.01736767060713662,-0.048819310043314634,0.11380977628603905,0.013494820600892354,boundary_mapping,pending_review
r2_0.175,0.175,1.0,0.2951755379649823,0.33108307457427477,0.7243603346396499,0.6829670054882593,0.5133011833316101,0.24264369948333012,0.24424811895733034,0.324505418157701,0.29697990013917036,0.27054696195824446,1.186873316696862,1.2923940364168631,1.8424389508169812,1.8999222031963163,1.6651778820517094,-0.2562459621801966,-0.2562459621801966,-0.15835387103101373,-0.2257630838912793,-0.25624596218019713,0.25069871436556734,0.28253968253968254,0.4126984126984127,0.328042328042328,0.3111111111111111,0.9276131917272219,0.9952380952380953,1.0,1.0,1.0,0.897,0.712,0.10400000000000001,0.24800000000000003,0.39199999999999996,0.026296341658977873,0.14167667106898463,-0.014248556968612602,-0.04141710045039393,0.02183731708515979,-0.041417100450394484,0.07465281570154869,-0.05391439225937433,0.34173221145531385,0.013494820600891133,boundary_mapping,pending_review
r2_0.200,0.2,1.0,0.286678581373631,0.304862696762243,0.7150407741759941,0.6242130203505585,0.49669896413359504,0.24156752236333198,0.24390806825400768,0.32468652558309025,0.2966192733202613,0.27044729997952904,1.16381560729155,1.2122481604720228,1.8248641309336389,1.7818259597617025,1.6248369452603815,-0.2712896868921042,-0.2712896868921041,-0.15835387103101362,-0.27128968689210387,-0.2712896868921041,0.25013974287311347,0.2833333333333333,0.40476190476190477,0.32275132275132273,0.30793650793650795,0.922023476802683,0.9920634920634921,0.996031746031746,0.9986772486772487,0.9992063492063492,0.895,0.714,0.10200000000000001,0.24400000000000002,0.388,0.017799385067626572,0.126632946357077,-0.040468934780644394,-0.05646082516230144,0.005235097887144713,-0.05646082516230144,0.015898830563847888,-0.0994409952601989,0.33241265099165807,0.013494820600891244,boundary_mapping,pending_review
r2_0.225,0.225,1.0,0.2982396710751727,0.31999291579441635,0.8611218033125962,0.6565392082137005,0.5387463222929214,0.2393515915755183,0.2418377435023247,0.3262881306179593,0.2968863377662185,0.2701993492516292,1.2098282348281022,1.2683395975635054,2.068548026115247,1.8469830315529163,1.7287795637496537,-0.28176997761083244,-0.2796091669866285,-0.12377959485669598,-0.2796091669866291,-0.2796091669866292,0.25349357182783677,0.2857142857142857,0.3968253968253968,0.3253968253968254,0.30952380952380953,0.9181106763555059,0.9912698412698413,0.996031746031746,0.9986772486772487,0.9992063492063492,0.907,0.7200000000000001,0.1,0.24600000000000002,0.39,0.029360474769168254,0.11615265563834876,-0.02533871574847102,-0.06478030525682588,0.04728245604647108,-0.06478030525682654,0.048225018426989896,-0.1077604753547241,0.4784936801282602,0.048069096775208875,boundary_mapping,pending_review
r2_0.250,0.25,1.0,0.30420040121400205,0.3096768444554152,0.905659742402295,0.6331693658297624,0.5110531262110327,0.23887619306792637,0.2421986984689328,0.3250322185851499,0.296000598764306,0.2701011067491298,1.2309413128798967,1.2343685575860028,2.148218134278557,1.803518246419654,1.6619631678418016,-0.3084823583146582,-0.2766081157498458,-0.12377959485669598,-0.2766081157498457,-0.2766081157498459,0.25740637227501395,0.29365079365079366,0.3968253968253968,0.3306878306878307,0.31746031746031744,0.9119619899385132,0.9884920634920635,0.996031746031746,0.9986772486772487,0.9992063492063492,0.921,0.74,0.1,0.25,0.4,0.035321204907997616,0.089440274934523,-0.03565478708747216,-0.06177925402004314,0.019589259964582384,-0.06177925402004325,0.024855176043051763,-0.1047594241179407,0.5230316192179589,0.048069096775208875,boundary_mapping,pending_review
r2_0.275,0.275,1.0,0.297388134380421,0.30874603237437204,0.9343855411137674,0.6409208494008525,0.4901149590712317,0.2367023844497202,0.2403682941248428,0.3234907220487343,0.2957362253011653,0.2670590770213149,1.2179949198063722,1.2390655810772213,2.2033015949440986,1.8209375048381375,1.625676800697915,-0.2912490589922966,-0.29124905899229625,-0.1237795948566961,-0.29124905899229614,-0.2912490589922957,0.25517048630519845,0.2920634920634921,0.3968253968253968,0.3306878306878307,0.3142857142857143,0.9072107322526551,0.9865079365079366,0.996031746031746,0.9986772486772487,0.9992063492063492,0.913,0.736,0.1,0.25,0.396,0.028508938074416568,0.10667357425688462,-0.03658559916851534,-0.0764201972624936,-0.0013489071752186277,-0.07642019726249305,0.032606659614141886,-0.11940036736039117,0.5517574179294313,0.048069096775208764,boundary_mapping,pending_review
r2_0.300,0.3,1.0,0.27254551697323404,0.2938382171142846,0.8736231035001583,0.5649130480343629,0.45968322097943437,0.23236861262240383,0.23670773767316416,0.3213894092884005,0.28834195116943134,0.26166510389828795,1.1532207595055883,1.206247030399149,2.116067374685198,1.6956955238735214,1.574986630206077,-0.2863231265013636,-0.2863231265013644,-0.12377959485669565,-0.2863231265013637,-0.28632312650136404,0.2546115148127446,0.29285714285714287,0.4126984126984127,0.3333333333333333,0.32063492063492066,0.8999441028507547,0.9821428571428571,0.996031746031746,0.9986772486772487,0.9992063492063492,0.911,0.738,0.10400000000000001,0.252,0.404,0.0036663206672296056,0.1115995067478176,-0.05149341442860278,-0.07149426477156173,-0.03178064526701596,-0.0714942647715614,-0.04340114175234766,-0.11447443486945874,0.4909949803158222,0.04806909677520921,boundary_mapping,pending_review
r2_0.325,0.325,1.0,0.2759162851529635,0.28486714742861885,0.7875988107852061,0.5000583089620585,0.43737694697648166,0.23045740907044882,0.2347197021124795,0.3180586613129238,0.28499122121147535,0.2592785797969614,1.1723264400853244,1.1847607431986125,1.9867831085900518,1.5634834627599818,1.5275944516449718,-0.2823107422105653,-0.28231074221056496,-0.12377959485669598,-0.2823107422105652,-0.28231074221056496,0.2568474007825601,0.29603174603174603,0.42063492063492064,0.3306878306878307,0.32063492063492066,0.8943543879262158,0.9789682539682539,0.9920634920634921,0.9973544973544973,0.9984126984126984,0.919,0.746,0.10600000000000001,0.25,0.404,0.007037088846959083,0.11561189103861591,-0.060464484114268524,-0.06748188048076231,-0.05408691926996867,-0.06748188048076231,-0.1082558808246521,-0.11046205057866021,0.40497068760087007,0.048069096775208875,boundary_mapping,pending_review
r2_0.350,0.35,1.0,0.27121319354616236,0.27354880276029214,0.745670467851663,0.4774235900664008,0.42478825228160133,0.23090295785382325,0.23336451002420966,0.31756629184546525,0.28433432703521,0.2590608244726326,1.1543988335210273,1.1522785083861673,1.9144404822651802,1.5128816128437854,1.4946459898737479,-0.2887244872634174,-0.28872448726341793,-0.1286200054972868,-0.2887244872634177,-0.28872448726341726,0.2602012297372834,0.3007936507936508,0.4365079365079365,0.3386243386243386,0.326984126984127,0.8868082727780883,0.973015873015873,0.9761904761904762,0.9920634920634921,0.9944444444444445,0.931,0.758,0.11000000000000001,0.256,0.41200000000000003,0.0023339972401579256,0.10919814598576383,-0.07178282878259523,-0.07389562553361528,-0.066675613964849,-0.07389562553361462,-0.1308905997203098,-0.11687579563151274,0.363042344667327,0.043228686134618055,boundary_mapping,pending_review
r2_0.375,0.375,1.0,0.24072233731727843,0.24952782412670071,0.5760314617987834,0.3750231094175007,0.3627217514241352,0.2249507102830729,0.2232785367243316,0.30991232603192387,0.2571986459304672,0.24173613669046892,1.0716774897703496,1.1096195399547994,1.623493447145157,1.3671380486713611,1.4011697481378118,-0.3439805404639297,-0.3439805404639308,-0.19640852983390467,-0.3439805404639299,-0.34398054046392956,0.2635550586920067,0.30396825396825394,0.4523809523809524,0.34656084656084657,0.33015873015873015,0.8773057574063723,0.9666666666666667,0.9642857142857143,0.9880952380952381,0.9912698412698413,0.9430000000000001,0.766,0.11400000000000002,0.262,0.41600000000000004,-0.028156858988725997,0.05394209278525153,-0.09580380741618666,-0.12915167873412814,-0.12874211482231512,-0.12915167873412692,-0.23329108036920987,-0.17213184883202493,0.19340333861444736,-0.024559838201999806,boundary_mapping,pending_review
r2_0.400,0.4,1.0,0.2121171234484367,0.2245123594912668,0.6185550683651986,0.34788827689280444,0.325413033915086,0.22378433759356398,0.22317861141361883,0.3098783749436762,0.25550752946474353,0.24080356951767998,0.971811619419583,1.0193557532294386,1.7097348673864834,1.2964112680995026,1.290292997006555,-0.3678535920022188,-0.36785359200221945,-0.16920176912954066,-0.36785359200221823,-0.367853592002219,0.2708216880939072,0.3126984126984127,0.4603174603174603,0.36243386243386244,0.34444444444444444,0.8675237562884293,0.9615079365079365,0.9563492063492064,0.9841269841269841,0.9880952380952381,0.9690000000000001,0.788,0.116,0.274,0.434,-0.056762072857567736,0.030069041246962414,-0.12081927205162057,-0.1530247302724168,-0.1660508323313643,-0.15302473027241636,-0.26042591289390615,-0.19600490037031326,0.23592694518086255,0.002646922502364202,boundary_mapping,pending_review
r2_0.450,0.45,1.0,0.19141864839884404,0.21660972639083265,0.6519552864996234,0.3320543327297216,0.3004576063195541,0.22147536718013208,0.2212352887342788,0.3122649940458074,0.25353656849862427,0.23863945457163985,0.9017942635725904,0.9970675966118603,1.7643855932455792,1.257758139436628,1.220025830365768,-0.3799563750240039,-0.3799563750240049,-0.16817777174597714,-0.37995637502400414,-0.37995637502400414,0.27026271660145335,0.3134920634920635,0.4444444444444444,0.3492063492063492,0.34285714285714286,0.8440469536053661,0.9436507936507936,0.9404761904761905,0.9735449735449735,0.976984126984127,0.9670000000000001,0.79,0.112,0.264,0.43200000000000005,-0.0774605479071604,0.01796625822517728,-0.12872190515205473,-0.16512751329420228,-0.19100625992689624,-0.1651275132942015,-0.27625985705698897,-0.20810768339209917,0.2693271633152874,0.003670919885927715,boundary_mapping,pending_review
r2_0.500,0.5,1.0,0.13742218161498299,0.1730700751653349,0.634935629058005,0.2538187275237389,0.2654778485231093,0.21551120645033087,0.21732037087889725,0.30582506937152154,0.2478153513949887,0.23486814566875275,0.7054590627356659,0.8433083997387136,1.7610876183144795,1.0365338516775577,1.1196472385868412,-0.374905345446093,-0.3749053454460931,-0.1446874182633464,-0.3749053454460932,-0.374905345446093,0.2663499161542761,0.3103174603174603,0.4126984126984127,0.3386243386243386,0.33650793650793653,0.8074343208496366,0.9162698412698412,0.9047619047619048,0.9470899470899471,0.953968253968254,0.9530000000000001,0.782,0.10400000000000001,0.256,0.42400000000000004,-0.13145701469102145,0.023017287803088204,-0.17226155637755247,-0.16007648371629046,-0.22598601772334104,-0.16007648371629035,-0.3544954622629717,-0.20305665381418825,0.252307505873669,0.027161273368558447,boundary_mapping,pending_review
r2_0.600,0.6,1.0,0.165137170127154,0.17095868464455766,0.5837857214976647,0.2973895983313033,0.2923040758638018,0.20411583241023254,0.20567305141758083,0.28046336942287,0.2315022994131762,0.22552696928561966,0.8509616856182335,0.8704339357813278,1.7806863951903347,1.240719824704862,1.2498285806488705,-0.3102971605817404,-0.3102971605817403,-0.1316125705883081,-0.31029716058173973,-0.3102971605817405,0.25181665735047515,0.29642857142857143,0.4444444444444444,0.34656084656084657,0.3238095238095238,0.7174399105645612,0.8246031746031746,0.7896825396825397,0.8624338624338624,0.8801587301587301,0.901,0.7470000000000001,0.11200000000000002,0.262,0.40800000000000003,-0.10374202617885042,0.0876254726674408,-0.17437294689832972,-0.09546829885193764,-0.19915979038264853,-0.09546829885193786,-0.3109245914554073,-0.13844846894983476,0.2011575983133287,0.04023612104359675,boundary_mapping,pending_review
r2_0.700,0.7,1.0,0.09292433228653563,0.08440400379649704,0.30508260324181413,0.1923015755710038,0.19543181839761803,0.18258242452529466,0.1838870644918045,0.2362094935746151,0.19882318278772196,0.20056222315675298,0.5780078846773132,0.5328210239962338,1.245973010129222,0.9842083146337858,0.9902427149944242,-0.3392390292814671,-0.3392390292814669,-0.12363500633479485,-0.20263086295135357,-0.2199368490861643,0.22498602571268866,0.26706349206349206,0.3968253968253968,0.30687830687830686,0.2984126984126984,0.5732252655114589,0.6698412698412698,0.623015873015873,0.7076719576719577,0.7531746031746032,0.8049999999999999,0.673,0.1,0.232,0.376,-0.1759548640194688,0.058683603967714104,-0.26092762774639033,-0.12441016755166423,-0.2960320478488323,-0.005107987356361643,-0.4160126142157068,-0.030782171319448604,-0.0775455199425219,0.04821368529711001,boundary_mapping,pending_review
r2_0.800,0.8,1.0,0.015295066013618408,0.02859394533899029,0.1090675061871873,0.06822029527007367,0.15491918908908064,0.143997868825222,0.1448981060145446,0.17518167894250847,0.1560676199106601,0.16270973431258354,0.17734303145239586,0.26706536798631914,0.6779051439311765,0.5004865426704078,0.9660541685285753,-0.45333547338848335,-0.38708938361639234,-0.1385824599049268,-0.20324632491787764,-0.20324632491787753,0.1349916154276132,0.16547619047619047,0.17063492063492064,0.20634920634920634,0.20317460317460317,0.3292342090553382,0.3880952380952381,0.31746031746031744,0.4444444444444444,0.48412698412698413,0.48300000000000004,0.41700000000000004,0.043,0.15600000000000003,0.256,-0.253584130292386,-0.055412840139302144,-0.3167376862038971,-0.1722605218865897,-0.3365446771573697,0.011582536811925115,-0.5400938945166369,-0.03139763328597267,-0.27356061699714873,0.03326623172697807,boundary_mapping,pending_review
r2_0.900,0.9,1.0,-0.007267357044762335,-0.0034322927454837338,-0.026701050616948052,-0.0013325173358034181,0.0028678382235489686,0.07175073521260555,0.07110659220560551,0.0605685653863394,0.07001297529781846,0.06655187474398466,-0.06593647691577488,-0.013052220619586928,-0.4164819067160196,0.01600031469527227,0.07624214382760236,-0.24795798988100437,-0.21163762842278244,-0.047963734197000285,-0.07914344845958776,-0.07914344845958776,0.03353828954723309,0.03888888888888889,0.031746031746031744,0.05555555555555555,0.05396825396825397,0.061207378423700394,0.07341269841269842,0.05555555555555555,0.10978835978835978,0.10634920634920635,0.12,0.098,0.008,0.042,0.068,-0.27614655335076677,0.14996464336817683,-0.3487639242883711,0.0031912333070202026,-0.48859602802290136,0.13568541327021488,-0.609646707122514,0.09270524317231721,-0.4093291738012841,0.12388495743490457,boundary_mapping,pending_review
