candidate,target_vol,vol_window,max_lev,scale_rebalance_threshold,ann_return_full,ann_return_last_10y,ann_return_last_1y,ann_return_last_3y,ann_return_last_5y,ann_vol_full,ann_vol_last_10y,ann_vol_last_1y,ann_vol_last_3y,ann_vol_last_5y,sharpe_repo_full,sharpe_repo_last_10y,sharpe_repo_last_1y,sharpe_repo_last_3y,sharpe_repo_last_5y,max_dd_full,max_dd_last_10y,max_dd_last_1y,max_dd_last_3y,max_dd_last_5y,avg_weight_full,avg_weight_last_10y,avg_weight_last_1y,avg_weight_last_3y,avg_weight_last_5y,holding_day_ratio_full,holding_day_ratio_last_10y,holding_day_ratio_last_1y,holding_day_ratio_last_3y,holding_day_ratio_last_5y,leverage_day_ratio_full,leverage_day_ratio_last_10y,leverage_day_ratio_last_1y,leverage_day_ratio_last_3y,leverage_day_ratio_last_5y,delevered_holding_day_ratio_full,delevered_holding_day_ratio_last_10y,delevered_holding_day_ratio_last_1y,delevered_holding_day_ratio_last_3y,delevered_holding_day_ratio_last_5y,avg_scale_full,avg_scale_last_10y,avg_scale_last_1y,avg_scale_last_3y,avg_scale_last_5y,max_scale_full,max_scale_last_10y,max_scale_last_1y,max_scale_last_3y,max_scale_last_5y,scale_cap_day_ratio_full,scale_cap_day_ratio_last_10y,scale_cap_day_ratio_last_1y,scale_cap_day_ratio_last_3y,scale_cap_day_ratio_last_5y,scale_rebalances_full,scale_rebalances_last_10y,scale_rebalances_last_1y,scale_rebalances_last_3y,scale_rebalances_last_5y,avg_turnover_full,avg_turnover_last_10y,avg_turnover_last_1y,avg_turnover_last_3y,avg_turnover_last_5y,cost_total_full,cost_total_last_10y,cost_total_last_1y,cost_total_last_3y,cost_total_last_5y,ann_return_delta_vs_off_full,max_dd_delta_vs_off_full,ann_vol_delta_vs_off_full,ann_return_delta_vs_off_last_10y,max_dd_delta_vs_off_last_10y,ann_vol_delta_vs_off_last_10y,ann_return_delta_vs_off_last_5y,max_dd_delta_vs_off_last_5y,ann_vol_delta_vs_off_last_5y,ann_return_delta_vs_off_last_3y,max_dd_delta_vs_off_last_3y,ann_vol_delta_vs_off_last_3y,ann_return_delta_vs_off_last_1y,max_dd_delta_vs_off_last_1y,ann_vol_delta_vs_off_last_1y,decision_hint,stability_label
target_vol_off,off,80,1.5,0.075,0.230451641133244,0.3417000275453328,0.3335966024152617,0.6104951753386918,0.48396802131980965,0.2437163466437678,0.24090591081288817,0.3138489225670579,0.28875082988023765,0.26626305032071673,0.9722486786218217,1.3398950386378174,1.0743488348190053,1.7930810447278678,1.6141132068788802,-0.3646693805451101,-0.2148288617298001,-0.17184869163190508,-0.1718486916319042,-0.21482886172980065,0.8943543879262158,0.975,0.9722222222222222,0.9642857142857143,0.9706349206349206,0.8943543879262158,0.975,0.9722222222222222,0.9642857142857143,0.9706349206349206,0.0,0.0,0.0,0.0,0.0,0.0,0.0,0.0,0.0,0.0,1.0,1.0,1.0,1.0,1.0,1.0,1.0,1.0,1.0,1.0,0.0,0.0,0.0,0.0,0.0,0,0,0,0,0,0.19312465064281722,0.22301587301587303,0.3492063492063492,0.2619047619047619,0.24285714285714285,0.691,0.562,0.08800000000000001,0.198,0.306,0.0,0.0,0.0,0.0,0.0,0.0,0.0,0.0,0.0,0.0,0.0,0.0,0.0,0.0,0.0,target_vol_level_scan,pending_review
target_vol_0.050,0.05,80,1.5,0.075,0.06033920402377868,0.07561918233005338,0.08149019225248,0.12465728048641189,0.1062845140863189,0.06328464206398995,0.059242406817557235,0.06808629380772892,0.06413056576684187,0.06083459912294435,0.9575183870789272,1.260204263530654,1.1847877890610663,1.8641436113100611,1.6909232746759444,-0.13036939680623694,-0.054308437738869064,-0.03685911059578262,-0.03685911059578262,-0.05114217957748235,0.22709371628985306,0.24487357337995003,0.2107225787479959,0.2045297479600453,0.21376395741624213,0.8943543879262158,0.975,0.9722222222222222,0.9642857142857143,0.9706349206349206,0.0,0.0,0.0,0.0,0.0,0.8870877585243152,0.975,0.9722222222222222,0.9642857142857143,0.9706349206349206,0.26314388612128276,0.24804859530853085,0.21427686452362082,0.20854017823617893,0.2168349272547729,1.0,0.4525208484389672,0.27849330745295603,0.3068249143034756,0.3068249143034756,0.0,0.0,0.0,0.0,0.0,31,21,1,6,10,0.04626804183365294,0.05303533728313,0.07453268205291651,0.05372417387331657,0.05190385925783836,0.16554705368081024,0.1336490499534876,0.01878223587733496,0.040615475448227335,0.06539886266487632,-0.17011243710946533,0.23429998373887317,-0.18043170457977784,-0.2660808452152794,0.16052042399093103,-0.18166350399533093,-0.37768350723349076,0.1636866821523183,-0.20542845119777237,-0.4858378948522799,0.13498958103612158,-0.22462026411339578,-0.2521064101627817,0.13498958103612246,-0.24576262875932897,target_vol_level_scan,pending_review
target_vol_0.075,0.075,80,1.5,0.075,0.08179430004939725,0.10599240296443924,0.11749400193207316,0.18345051308869342,0.15510455500289044,0.08788672102980598,0.08514257520152228,0.09298482833938071,0.08972304342048636,0.08730512824655731,0.9385986391313514,1.2259319288722597,1.241381950706512,1.9224362333621603,1.695411098429251,-0.16012336353633638,-0.08264943177564554,-0.054899373257723205,-0.05489937325772354,-0.07611807411395577,0.33236483633000685,0.3618092747947735,0.2916050106930763,0.2973044787999948,0.3205310586222346,0.8943543879262158,0.975,0.9722222222222222,0.9642857142857143,0.9706349206349206,0.0,0.0,0.0,0.0,0.0,0.8870877585243152,0.975,0.9722222222222222,0.9642857142857143,0.9706349206349206,0.3797484198803729,0.3678170910713988,0.29762287908567436,0.30426519902315813,0.3258956525111962,1.0,0.7151149889923437,0.3838219608795547,0.5528835167352425,0.5528835167352425,0.0,0.0,0.0,0.0,0.0,62,45,2,13,20,0.06796904232475598,0.07803407857348058,0.10557481438324084,0.07914696963127806,0.07817547924641872,0.2431932334379769,0.19664587800517105,0.026604853224576695,0.05983510904124621,0.0985011038504876,-0.14865734108384676,0.20454601700877373,-0.1558296256139618,-0.23570762458089356,0.13217942995415455,-0.1557633356113659,-0.3288634663169192,0.13871078761584488,-0.17895792207415942,-0.4270446622499984,0.11694931837418066,-0.19902778645975128,-0.21610260048318852,0.11694931837418188,-0.22086409422767717,target_vol_level_scan,pending_review
target_vol_0.100,0.1,80,1.5,0.075,0.10672880519891681,0.14272425906588437,0.13769997943002044,0.23831225138329093,0.20289343366759494,0.11398087109290286,0.11350059357974346,0.12301870182625242,0.11902656852805285,0.11548818478598524,0.9467444994381942,1.2323299724480987,1.1103962590764673,1.8555505350222998,1.657384316129167,-0.19329075508608518,-0.10936755176149027,-0.07268339028170412,-0.07268339028170379,-0.09540175783067262,0.4412616838539186,0.4867755949037612,0.3880777010129546,0.3943992394710704,0.4227801468433524,0.8943543879262158,0.975,0.9722222222222222,0.9642857142857143,0.9706349206349206,0.0005589714924538849,0.0,0.0,0.0,0.0,0.8865287870318613,0.975,0.9722222222222222,0.9642857142857143,0.9706349206349206,0.49986344374567804,0.49534641546833863,0.39444228346882104,0.40416475598000795,0.43017976729114643,1.0604992817735344,0.9873848484092191,0.568294592840391,0.7371780223136567,0.7371780223136567,0.0,0.0,0.0,0.0,0.0,77,52,3,17,25,0.08985151007600263,0.10412943389109632,0.1365192545723712,0.10410344812796533,0.10243661948724309,0.32148870305193744,0.2624061734055627,0.03440285215223754,0.0787022067847418,0.1290701405539263,-0.1237228359343272,0.17137862545902494,-0.12973547555086493,-0.19897576847944842,0.10546130996830982,-0.12740531723314472,-0.2810745876522147,0.11942710389912803,-0.1507748655347315,-0.37218292395540087,0.09916530135020041,-0.1697242613521848,-0.19589662298524124,0.09916530135020096,-0.19083022074080547,target_vol_level_scan,pending_review
target_vol_0.125,0.125,80,1.5,0.075,0.13047983666391727,0.17538028171711018,0.1841366372096931,0.3045964137610089,0.2555909211430276,0.13974850277994277,0.14020118907427723,0.14831360619021466,0.14571734506731085,0.14263327610931623,0.9474903814836362,1.2227644099513744,1.2139612282518137,1.8977119624252483,1.6670292494804557,-0.2362513991201003,-0.13702978231657503,-0.09021361161931762,-0.09021361161931696,-0.1322934935954555,0.543104571193161,0.6011414397112919,0.46636170603946764,0.48606401602642313,0.5269042263206902,0.8943543879262158,0.975,0.9722222222222222,0.9642857142857143,0.9706349206349206,0.023756288429290107,0.026984126984126985,0.0,0.0,0.0,0.8633314700950252,0.948015873015873,0.9722222222222222,0.9642857142857143,0.9706349206349206,0.6144251199103831,0.6139042713570523,0.4755246050914044,0.5004424574405218,0.5383218401199976,1.325624102216918,1.2588788313974781,0.6644744708033571,0.859903844165889,0.859903844165889,0.0,0.0,0.0,0.0,0.0,112,74,4,19,30,0.11104787220019771,0.1290526633533177,0.16603456397346986,0.1286433961432996,0.12764342289317834,0.3973292867323074,0.3252127116503606,0.0418407101213144,0.09725440748433448,0.16083071284540473,-0.09997180446932674,0.12841798142500982,-0.10396784386382502,-0.16631974582822262,0.07779907941322506,-0.10070472173861095,-0.22837710017678203,0.08253536813434514,-0.1236297742114005,-0.3058987615776829,0.08163508001258724,-0.1430334848129268,-0.1494599652055686,0.08163508001258746,-0.1655353163768432,target_vol_level_scan,pending_review
target_vol_0.150,0.15,80,1.5,0.075,0.1465309598612905,0.20325316048963127,0.2063260282784598,0.3553377204496102,0.29868928513369863,0.16654840271899157,0.1678924967303931,0.17769932203514208,0.1758258780506998,0.17123971000706914,0.904287098330048,1.1860577974263788,1.1446681317551215,1.817094727455609,1.6116221458242894,-0.29515170180710404,-0.15798877571676873,-0.10749247739273682,-0.11481930420152608,-0.15671686454102352,0.6487223655497587,0.7189576434213699,0.5594208765759288,0.5874769370825716,0.6311545765377103,0.8943543879262158,0.975,0.9722222222222222,0.9642857142857143,0.9706349206349206,0.09698155394074902,0.10992063492063492,0.0,0.017195767195767195,0.010317460317460317,0.7901062045835663,0.8650793650793651,0.9722222222222222,0.9470899470899471,0.9603174603174603,0.7323781775401945,0.7365686175439737,0.5719034591211183,0.6073739058726992,0.6473324276194068,1.5,1.4454304199861105,0.8527157273063095,1.105767033470485,1.105767033470485,0.0011179429849077697,0.0,0.0,0.0,0.0,145,100,8,30,43,0.13352995859361497,0.15528634137141567,0.20019856302132694,0.1563625470209227,0.1538646271757192,0.47777019184795433,0.3913215802559675,0.050450037881374386,0.11821008554781758,0.19386943024140618,-0.08392068127195351,0.06951767873800607,-0.07716794392477622,-0.13844686705570153,0.056840086013031366,-0.07301341408249507,-0.18527873618611101,0.05811199718877713,-0.09502334031364759,-0.2551574548890816,0.05702938743037811,-0.11292495182953785,-0.12727057413680187,0.06435621423916826,-0.1361496005319158,target_vol_level_scan,pending_review
target_vol_0.175,0.175,80,1.5,0.075,0.17228498253771107,0.24041220178646516,0.24247882495347328,0.4307177693527504,0.3578064065687876,0.1930449402381533,0.19523567257002075,0.20622273634785385,0.20507708173181038,0.1991859958639703,0.9198783668534443,1.2011180190115878,1.1561038089891258,1.8487022631058403,1.6347024456921744,-0.3353980415245542,-0.1784351438054178,-0.12452241779751949,-0.12831505662244103,-0.17700435005566983,0.753743376876795,0.8370770695321305,0.6531525288559356,0.6838773459759342,0.735569629822213,0.8943543879262158,0.975,0.9722222222222222,0.9642857142857143,0.9706349206349206,0.24203465623253215,0.278968253968254,0.0,0.06746031746031746,0.13174603174603175,0.6380659586361096,0.696031746031746,0.9722222222222222,0.8968253968253969,0.8388888888888889,0.8497373203160884,0.8592014947076714,0.6686195588123284,0.7083119632258976,0.7555719814771067,1.5,1.5,0.9467703578017208,1.2900615390488992,1.2900615390488992,0.0008384572386808273,0.0011904761904761906,0.0,0.0,0.0,151,105,6,27,44,0.1549033618161986,0.18056822544493037,0.23316420981847374,0.1816473536701241,0.17882685024405917,0.5542442285783586,0.4550319281212245,0.05875738087425538,0.1373253993746138,0.2253218313075146,-0.05816665859553294,0.029271339020555898,-0.05067140640561449,-0.10128782575886763,0.036393717924382285,-0.04567023824286742,-0.12616161475102206,0.03782451167413081,-0.06707705445674644,-0.17977740598594139,0.04353363500946317,-0.08367374814842726,-0.0911177774617884,0.04732627383438559,-0.10762618621920403,target_vol_level_scan,pending_review
target_vol_0.200,0.2,80,1.5,0.075,0.1919146110227654,0.277922738278751,0.2697974894682986,0.49369561509344884,0.4119309857263669,0.2176286749815779,0.22029409458157959,0.23103029166144892,0.23126713711075325,0.22540884117134796,0.9153712183417577,1.2232472503455687,1.14955864968817,1.850010808798297,1.6423206771828345,-0.3708031466550985,-0.19956863388121204,-0.13610896209054435,-0.1455797742333369,-0.19956863388121215,0.8488238443778383,0.9417670922168644,0.7222392727321855,0.7699053720245347,0.8304189471479418,0.8943543879262158,0.975,0.9722222222222222,0.9642857142857143,0.9706349206349206,0.32504192286193406,0.36428571428571427,0.12698412698412698,0.17195767195767195,0.2126984126984127,0.5620458356623812,0.6107142857142858,0.8452380952380952,0.7923280423280423,0.7579365079365079,0.9573422166325498,0.9680644820206491,0.7389780017216417,0.798350287909567,0.8544927422050106,1.5,1.5,1.1369543030750795,1.4743560446273134,1.4743560446273134,0.06595863610955842,0.07698412698412699,0.0,0.0,0.0,173,121,9,33,55,0.17515902753908866,0.20376786694800375,0.25804386287720893,0.20448683673868395,0.2019896205313231,0.6267190005348593,0.5134950247089696,0.06502705344505666,0.15459204857444508,0.2545069218694671,-0.0385370301104786,-0.006133766109988392,-0.026087671662189893,-0.06377728926658177,0.015260227848588048,-0.02061181623130859,-0.07203703559344277,0.015260227848588492,-0.04085420914936877,-0.11679956024524296,0.026268917398567293,-0.057483692769484396,-0.06379911294696305,0.03573972954136073,-0.08281863090560895,target_vol_level_scan,pending_review
target_vol_0.225,0.225,80,1.5,0.075,0.21030587687171187,0.3152898497925207,0.30205547832391,0.5630886246957061,0.4673038898594799,0.23988913223633893,0.24288453345674776,0.2595845088544712,0.2587819167651234,0.2523181344932077,0.9153350828258657,1.2494796452284072,1.1467530220823356,1.8544224684881683,1.6446665063895318,-0.400183388590009,-0.22516832738362136,-0.15209156410363367,-0.16258640790991474,-0.22243413590351624,0.9354116512279007,1.0361815869638962,0.8146441573250393,0.8644257702400899,0.9306844301265276,0.8943543879262158,0.975,0.9722222222222222,0.9642857142857143,0.9706349206349206,0.44661822247065397,0.5158730158730159,0.15079365079365079,0.27116402116402116,0.35793650793650794,0.44046953605366124,0.4591269841269841,0.8214285714285714,0.6931216931216931,0.6126984126984127,1.0540771348746198,1.0667339584024393,0.8337908469256564,0.8973381472747726,0.9588055384402449,1.5,1.5,1.2724045478712906,1.4573014021413175,1.4573014021413175,0.06623812185578536,0.07698412698412699,0.0,0.0,0.0,159,107,9,31,54,0.19322336075434707,0.22442885602670376,0.2909515844272036,0.2295897984356952,0.2265180720967104,0.6913531847790538,0.5655607171872935,0.0733197992756553,0.17356988761738557,0.28541277084185507,-0.02014576426153214,-0.035514008044898904,-0.003827214407428864,-0.02641017775281207,-0.010339465653821267,0.00197862264385959,-0.016664131460329745,-0.007605274173715593,-0.013944915827509008,-0.04740655064298571,0.00926228372198945,-0.029968913115114237,-0.03154112409135168,0.019757127528271412,-0.05426441371258667,target_vol_level_scan,pending_review
target_vol_0.250,0.25,80,1.5,0.075,0.23152821745340457,0.3521693951220808,0.3667637664023158,0.6360688950430944,0.5259974123610311,0.26116329520988485,0.2645101739403691,0.2854553083243861,0.2850850859642538,0.2784159384523143,0.9275907771113776,1.2723855290250063,1.2374191286158633,1.8679246090158232,1.6557430315054307,-0.43216033827677247,-0.24949180093335088,-0.16785195948544862,-0.18158357581985474,-0.24461539833457602,1.0120952130698584,1.122129637799473,0.8938198144130166,0.9493899735187032,1.025194349957685,0.8943543879262158,0.975,0.9722222222222222,0.9642857142857143,0.9706349206349206,0.582168809390721,0.6873015873015873,0.23412698412698413,0.45634920634920634,0.569047619047619,0.3049189491335942,0.2876984126984127,0.7380952380952381,0.5079365079365079,0.4015873015873016,1.1404155219609458,1.1573294671471115,0.9168003703636702,0.988197645404629,1.0585751405145882,1.5,1.5,1.4211928788438493,1.5,1.5,0.15483510340972612,0.20952380952380953,0.0,0.06746031746031746,0.04047619047619048,149,103,10,34,60,0.20994401558840928,0.24459978111402825,0.3217468921485781,0.2542197626625378,0.25140219510978773,0.7511796877753285,0.6163914484073512,0.08108021682144168,0.1921901405728786,0.3167667658383325,0.0010765763201605605,-0.06749095773166236,0.01744694856611706,0.01046936757674799,-0.03466293920355079,0.0236042631274809,0.0420293910412215,-0.02978653660477537,0.012152888131597595,0.025573719704402587,-0.009734884187950543,-0.0036657439159838434,0.033167163987054105,0.003996732146456461,-0.028393614242671783,target_vol_level_scan,pending_review
target_vol_0.275,0.275,80,1.5,0.075,0.2496119251909481,0.38216279080777404,0.374180483676926,0.6871565859891862,0.5694293427044668,0.27949281875372545,0.2831056124785926,0.31391612360284926,0.3097253507232952,0.3021800316308897,0.9364709461896261,1.2840425796425363,1.1696673372661937,1.8416572625362342,1.6406696584268998,-0.4565632496591834,-0.26241697329730296,-0.18311175296022586,-0.19687156106735026,-0.2585848797124365,1.0765386345112629,1.193021610698962,0.9928460773674486,1.0330327594105615,1.1149337988929613,0.8943543879262158,0.975,0.9722222222222222,0.9642857142857143,0.9706349206349206,0.6766349916154276,0.7829365079365079,0.5238095238095238,0.578042328042328,0.7277777777777777,0.21045276690888765,0.19206349206349208,0.44841269841269843,0.3862433862433862,0.24285714285714285,1.2127313751645412,1.2316781202984743,1.020916457506266,1.0778708414485014,1.1540778109630736,1.5,1.5,1.4618438357673855,1.5,1.5,0.20570150922302963,0.20833333333333334,0.0,0.07671957671957672,0.08095238095238096,127,85,9,34,52,0.22443190848955483,0.2614772125415334,0.35476612434664795,0.2777081156291733,0.2739176353116806,0.8030173685756271,0.6589225756046644,0.08940106333535527,0.20994733541565502,0.34513622049271764,0.01916028405770409,-0.09189386911407327,0.03577647210995766,0.04046276326244125,-0.047588111567502867,0.04219970166570444,0.08546132138465712,-0.04375601798263584,0.03591698131017296,0.07666141065049437,-0.02502286943544607,0.020974520843057565,0.040583881261664345,-0.011263061328320778,6.720103579138659e-05,target_vol_level_scan,pending_review
target_vol_0.300,0.3,80,1.5,0.075,0.26790497791718604,0.4136656542539716,0.42074494310570576,0.7430514470807643,0.6110807292069633,0.2949305371658513,0.2986468950327895,0.3364586359013033,0.33058145627989827,0.32175420193110527,0.9515444927455916,1.307513999304688,1.212018203598868,1.8435331888828965,1.640685208780506,-0.47467788092701446,-0.2772896321895,-0.19831787152986546,-0.2066373882824143,-0.27228948866528135,1.1288820088092117,1.2526904892149415,1.0600329919695959,1.1002077013717888,1.1863473454369102,0.8943543879262158,0.975,0.9722222222222222,0.9642857142857143,0.9706349206349206,0.7585243152599217,0.848015873015873,0.7222222222222222,0.7420634920634921,0.8373015873015873,0.1285634432643935,0.12698412698412698,0.25,0.2222222222222222,0.13333333333333333,1.271201501119826,1.29454291567462,1.0905822590202263,1.151613817253435,1.2306778103000953,1.5,1.5,1.4607309295702953,1.5,1.5,0.2261039686975964,0.22698412698412698,0.0,0.11375661375661375,0.15396825396825398,115,80,9,34,54,0.23717114368959852,0.2764059644882712,0.37998208093401603,0.29684901631000377,0.2924131056792774,0.8485983521213836,0.6965430305104434,0.09575548439537201,0.22441785633036282,0.36844051315588955,0.037453336783942026,-0.11000850038190435,0.051214190522083536,0.07196562670863882,-0.06246077045969989,0.05774098421990134,0.12711270788715368,-0.05746062693548071,0.055491151610388534,0.13255627174207252,-0.0347886966505101,0.04183062639966062,0.08714834069044408,-0.026469179897960382,0.02260971333424544,target_vol_level_scan,pending_review
target_vol_0.350,0.35,80,1.5,0.075,0.2915439397051023,0.4564953399120928,0.4402267274660685,0.819999691404673,0.6690266181276892,0.3208589630753504,0.3235573726811754,0.3807700821597167,0.36641824026547226,0.35202395309262463,0.956823417067494,1.3225723534124667,1.1483902491655253,1.8140019727295889,1.6280722281505404,-0.5189829677124997,-0.2820209784030979,-0.22796950466976218,-0.2279695046697625,-0.27989178754720234,1.213094815440321,1.341675508361377,1.200978235874322,1.2220657931385768,1.2976713302926202,0.8943543879262158,0.975,0.9722222222222222,0.9642857142857143,0.9706349206349206,0.8133035215204024,0.9063492063492063,0.7777777777777778,0.7936507936507936,0.8682539682539683,0.0737842370039128,0.06865079365079366,0.19444444444444445,0.17063492063492064,0.10238095238095238,1.3670551752785918,1.390413631188915,1.2374278288998484,1.2821626232400904,1.3503261745490067,1.5,1.5,1.4986987692644738,1.5,1.5,0.4108440469536054,0.48095238095238096,0.0,0.2261904761904762,0.19047619047619047,89,57,9,26,36,0.2576554540216679,0.29994698328715746,0.435614215076114,0.33274530066096036,0.32260858655545965,0.9218912144895277,0.7558663978836367,0.10977478219918071,0.25155544729968604,0.40648681905987916,0.06109229857185827,-0.15431358716738963,0.0771426164315826,0.11479531236676,-0.06719211667329783,0.08265146186828723,0.1850585968078795,-0.0650629258174017,0.0857609027719079,0.2095045160659812,-0.05612081303785832,0.07766741038523461,0.10663012505080682,-0.0561208130378571,0.06692115959265882,target_vol_level_scan,pending_review
target_vol_0.400,0.4,80,1.5,0.075,0.3043800885949868,0.48610496177692397,0.4649156769409202,0.8983134548739591,0.7111610411759572,0.3373650468204083,0.3381644183138002,0.42065451046603175,0.395563447715931,0.37332315843461983,0.9552131338092525,1.338742246424046,1.1178439002298772,1.8136527991122202,1.6217585132818182,-0.541989549274116,-0.3035906606163967,-0.2479153682959011,-0.24791536829590066,-0.30359066061639706,1.2536327402046643,1.3785430452376828,1.321978113889643,1.3110056688491376,1.3665948805526253,0.8943543879262158,0.975,0.9722222222222222,0.9642857142857143,0.9706349206349206,0.8518725544997205,0.9432539682539682,0.9722222222222222,0.8584656084656085,0.9071428571428571,0.03521520402459474,0.031746031746031744,0.0,0.10582010582010581,0.06349206349206349,1.4140653882968586,1.4286579744411023,1.366366883171254,1.377043026333517,1.4256515520791555,1.5,1.5,1.5,1.5,1.5,0.4656232532140861,0.4123015873015873,0.4642857142857143,0.5158730158730159,0.7023809523809523,59,35,9,19,21,0.2694992153230911,0.3126160167085595,0.47981650421362965,0.3576280143296807,0.34259330268324467,0.96426819242602,0.7877923621055698,0.12091375906183466,0.2703667788332386,0.4316675613808883,0.07392844746174276,-0.1773201687290059,0.09364870017664051,0.14440493423159118,-0.08876179888659663,0.097258507500912,0.2271930198561476,-0.08876179888659641,0.1070601081139031,0.2878182795352673,-0.07606667666399647,0.10681261783569335,0.1313190745256585,-0.07606667666399602,0.10680558789897387,target_vol_level_scan,pending_review
target_vol_0.450,0.45,80,1.5,0.075,0.31510004245880197,0.5035386461483731,0.5020369213104647,0.9349220942264547,0.7303717987547027,0.346975311982346,0.3469729886269309,0.4449233573487243,0.40792895952355934,0.38108685953431903,0.9618004936583676,1.347037656516682,1.136716740447571,1.817733149190039,1.6257215700376342,-0.5454812575735788,-0.30334336702714015,-0.2479153682959011,-0.24791536829590055,-0.3033433670271397,1.2869947236423953,1.4131373940837888,1.389483284963359,1.3561911692867326,1.393330755446832,0.8943543879262158,0.975,0.9722222222222222,0.9642857142857143,0.9706349206349206,0.8870877585243152,0.975,0.9722222222222222,0.9642857142857143,0.9706349206349206,0.0,0.0,0.0,0.0,0.0,1.4525549901376182,1.4668218614521111,1.4422881724710555,1.4260731906470911,1.4536719730994903,1.5,1.5,1.5,1.5,1.5,0.606484069312465,0.5349206349206349,0.7380952380952381,0.5436507936507936,0.3261904761904762,32,18,5,9,9,0.2781593771701478,0.3227688694565765,0.5066721993739609,0.3709918266731951,0.350448231932112,0.9952542515147889,0.8133775510305727,0.12768139424223818,0.2804698209649355,0.4415647722344611,0.08464840132555795,-0.18081187702846868,0.1032589653385782,0.16183861860304027,-0.08851450529734006,0.1060670778140427,0.24640377743489306,-0.08851450529733906,0.1148238092136023,0.32442691888776287,-0.07606667666399636,0.1191781296433217,0.16844031889520306,-0.07606667666399602,0.13107443478166642,target_vol_level_scan,pending_review
target_vol_0.500,0.5,80,1.5,0.075,0.31951719164826,0.5091633903834103,0.5026187031643123,0.9446334973632444,0.7359814479362508,0.35244753923139105,0.35117899127951174,0.45865464392852895,0.41514941583777903,0.38592860791724676,0.9617825727915829,1.3457069232636047,1.1170093010206388,1.8053417794410687,1.6185163421710524,-0.5387994711952258,-0.3038127648692157,-0.2479153682959011,-0.24791536829590122,-0.30381276486921605,1.3003083986658632,1.4254464718120436,1.4233461240650862,1.3813631665997144,1.4093698445645877,0.8943543879262158,0.975,0.9722222222222222,0.9642857142857143,0.9706349206349206,0.8870877585243152,0.975,0.9722222222222222,0.9642857142857143,0.9706349206349206,0.0,0.0,0.0,0.0,0.0,1.4666767649526362,1.4791413475458628,1.4783675189788565,1.453800755998511,1.4722804535991068,1.5,1.5,1.5,1.5,1.5,0.6123532699832308,0.5507936507936508,0.7936507936507936,0.8253968253968254,0.8952380952380953,18,8,4,6,6,0.28261980686465044,0.3276379055097626,0.5166413004620309,0.3779887869633524,0.35506499413037357,1.0112136689617193,0.8256475218846017,0.1301936077164318,0.2857595229442944,0.44738189260427075,0.08906555051501597,-0.17413009065011564,0.10873119258762326,0.1674633628380775,-0.08898390313941562,0.11027308046662357,0.2520134266164411,-0.0889839031394154,0.11966555759653003,0.3341383220245526,-0.07606667666399702,0.1263985859575414,0.16902210074905066,-0.07606667666399602,0.14480572136147107,target_vol_level_scan,pending_review
target_vol_0.600,0.6,80,1.5,0.075,0.3252453607706878,0.5113213782929267,0.48039994775622685,0.948367150553461,0.7379805082280733,0.35748076335321555,0.35442474354882086,0.4655476887201539,0.42196115493610153,0.39033967903968875,0.9652594303486884,1.3406599264360544,1.0754159352912844,1.7875404357510318,1.6075828759053223,-0.5173954719771132,-0.30381276486921616,-0.2479153682959011,-0.24791536829590077,-0.30381276486921605,1.3159861699881081,1.4396069871544537,1.4433508313238383,1.4118512268455443,1.4276626807120858,0.8943543879262158,0.975,0.9722222222222222,0.9642857142857143,0.9706349206349206,0.8870877585243152,0.975,0.9722222222222222,0.9642857142857143,0.9706349206349206,0.0,0.0,0.0,0.0,0.0,1.4849541028572524,1.495487979405811,1.5,1.4849599313527027,1.4909759588116216,1.5,1.5,1.5,1.5,1.5,0.9449413079932923,0.9682539682539683,1.0,0.8941798941798942,0.9365079365079365,7,2,0,2,2,0.28759519235200964,0.3323621503698118,0.5224798702485157,0.3870953262307929,0.36052891769083784,1.0290155982354905,0.8375526189319257,0.13166492730262597,0.2926440666304794,0.4542664362904557,0.09479371963744376,-0.1527260914320031,0.11376441670944776,0.16962135074759388,-0.08898390313941607,0.11351883273593269,0.2540124869082636,-0.0889839031394154,0.12407662871897202,0.3378719752147692,-0.07606667666399658,0.1332103250558639,0.14680334534096517,-0.07606667666399602,0.15169876615309602,target_vol_level_scan,pending_review
target_vol_0.750,0.75,80,1.5,0.075,0.32646736324533143,0.5129501785945914,0.48039994775622685,0.9553753514034538,0.7417286833706551,0.35845879118281077,0.3554398578068479,0.4655476887201539,0.4247852797141054,0.3921769567839456,0.966175115627249,1.3408690727705397,1.0754159352912844,1.7869188729302514,1.6073711032890312,-0.5162770768934708,-0.30381276486921616,-0.2479153682959011,-0.24791536829590055,-0.30381276486921605,1.319452665170369,1.4437877581783802,1.4433508313238383,1.4257871302586336,1.4360242227599394,0.8943543879262158,0.975,0.9722222222222222,0.9642857142857143,0.9706349206349206,0.8870877585243152,0.975,0.9722222222222222,0.9642857142857143,0.9706349206349206,0.0,0.0,0.0,0.0,0.0,1.4888205701509223,1.5,1.5,1.5,1.5,1.5,1.5,1.5,1.5,1.5,0.9776411403018446,1.0,1.0,1.0,1.0,1,0,0,0,0,0.28858338879325257,0.33369518033946205,0.5224798702485157,0.39153875946296046,0.3631949776301383,1.0325513651022578,0.8409118544554444,0.13166492730262597,0.29600330215399806,0.4576256718139744,0.09601572211208742,-0.1516076963483607,0.11474244453904298,0.17125015104925856,-0.08898390313941607,0.11453394699395972,0.25776066205084547,-0.0889839031394154,0.12591390646322886,0.34488017606476196,-0.07606667666399636,0.13603444983386775,0.14680334534096517,-0.07606667666399602,0.15169876615309602,target_vol_level_scan,pending_review
target_vol_1.000,1.0,80,1.5,0.075,0.32646736324533143,0.5129501785945914,0.48039994775622685,0.9553753514034538,0.7417286833706551,0.35845879118281077,0.3554398578068479,0.4655476887201539,0.4247852797141054,0.3921769567839456,0.966175115627249,1.3408690727705397,1.0754159352912844,1.7869188729302514,1.6073711032890312,-0.5162770768934708,-0.30381276486921616,-0.2479153682959011,-0.24791536829590055,-0.30381276486921605,1.319452665170369,1.4437877581783802,1.4433508313238383,1.4257871302586336,1.4360242227599394,0.8943543879262158,0.975,0.9722222222222222,0.9642857142857143,0.9706349206349206,0.8870877585243152,0.975,0.9722222222222222,0.9642857142857143,0.9706349206349206,0.0,0.0,0.0,0.0,0.0,1.4888205701509223,1.5,1.5,1.5,1.5,1.5,1.5,1.5,1.5,1.5,0.9776411403018446,1.0,1.0,1.0,1.0,1,0,0,0,0,0.28858338879325257,0.33369518033946205,0.5224798702485157,0.39153875946296046,0.3631949776301383,1.0325513651022578,0.8409118544554444,0.13166492730262597,0.29600330215399806,0.4576256718139744,0.09601572211208742,-0.1516076963483607,0.11474244453904298,0.17125015104925856,-0.08898390313941607,0.11453394699395972,0.25776066205084547,-0.0889839031394154,0.12591390646322886,0.34488017606476196,-0.07606667666399636,0.13603444983386775,0.14680334534096517,-0.07606667666399602,0.15169876615309602,target_vol_level_scan,pending_review
