candidate,R2_THRESHOLD,TARGET_VOL,VOL_WINDOW,SWITCH_BUFFER,MAX_LEV,segment,start,end,rows,ann_return,ann_vol,sharpe_repo,max_dd,total_return,maxdd_start,maxdd_trough,trades,asset_switches,cash_days,holding_days,holding_day_ratio,avg_weight,max_weight,cost_total,qqq_days,gld_days,buffer_blocked_days
switch_1.00,0.3,0.25,20,1.0,1.5,full,2015-07-13,2026-05-15,2728,0.2944391121053762,0.22629875195794713,1.2541028324629038,-0.20975617033702543,15.342861034680062,2015-07-13,2022-05-13,950,276,382,2346,0.8599706744868035,1.1902658292795505,1.5,0.0,1356,990,0
switch_1.00,0.3,0.25,20,1.0,1.5,last_10y,2016-05-09,2026-05-15,2520,0.29445462576276116,0.22747944824635938,1.2488528704705886,-0.20975617033702543,12.20895066401613,2016-05-09,2022-05-13,905,256,343,2177,0.8638888888888889,1.1911481349742539,1.5,0.0,1280,897,0
switch_1.00,0.3,0.25,20,1.0,1.5,last_5y,2021-05-11,2026-05-15,1260,0.36723695118231214,0.247124997888283,1.3898103408596725,-0.20975617033702543,3.7777006575644014,2021-05-11,2022-05-13,532,129,173,1087,0.8626984126984127,1.164140181522129,1.5,0.0,587,500,0
switch_1.00,0.3,0.25,20,1.0,1.5,last_3y,2023-05-11,2026-05-15,756,0.499357965776984,0.2530624547356148,1.7281197756335303,-0.1902715498912868,2.3706681236657365,2023-05-11,2026-03-30,286,74,95,661,0.8743386243386243,1.1863254886623185,1.5,0.0,368,293,0
switch_1.00,0.3,0.25,20,1.0,1.5,last_1y,2025-05-15,2026-05-15,252,0.73134773102764,0.26915755552384013,2.1789418897716972,-0.1902715498912868,0.73134773102764,2025-05-15,2026-03-30,124,22,36,216,0.8571428571428571,1.0925893432869271,1.5,0.0,117,99,0
switch_1.01,0.3,0.25,20,1.01,1.5,full,2015-07-13,2026-05-15,2728,0.3015440890547041,0.22600623626865368,1.279668407505319,-0.20975617033702487,16.34054893006127,2015-07-13,2022-05-13,949,274,382,2346,0.8599706744868035,1.1901332141373635,1.5,0.0,1356,990,2
switch_1.01,0.3,0.25,20,1.01,1.5,last_10y,2016-05-09,2026-05-15,2520,0.30214787682794686,0.22716436527142847,1.2763715362806098,-0.20975617033702498,13.015321724763174,2016-05-09,2022-05-13,904,254,343,2177,0.8638888888888889,1.1910045738203305,1.5,0.0,1280,897,2
switch_1.01,0.3,0.25,20,1.01,1.5,last_5y,2021-05-11,2026-05-15,1260,0.3672369511823119,0.24712499788828293,1.3898103408596705,-0.20975617033702487,3.7777006575643988,2021-05-11,2022-05-13,532,129,173,1087,0.8626984126984127,1.164140181522129,1.5,0.0,587,500,0
switch_1.01,0.3,0.25,20,1.01,1.5,last_3y,2023-05-11,2026-05-15,756,0.49935796577698377,0.2530624547356148,1.7281197756335296,-0.1902715498912868,2.3706681236657343,2023-05-11,2026-03-30,286,74,95,661,0.8743386243386243,1.1863254886623185,1.5,0.0,368,293,0
switch_1.01,0.3,0.25,20,1.01,1.5,last_1y,2025-05-15,2026-05-15,252,0.7313477310276422,0.2691575555238403,2.178941889771697,-0.1902715498912868,0.7313477310276422,2025-05-15,2026-03-30,124,22,36,216,0.8571428571428571,1.0925893432869271,1.5,0.0,117,99,0
switch_1.02,0.3,0.25,20,1.02,1.5,full,2015-07-13,2026-05-15,2728,0.3015440890547041,0.2260062362686537,1.2796684075053202,-0.20975617033702587,16.340548930061257,2015-07-13,2022-05-13,949,274,382,2346,0.8599706744868035,1.1901332141373633,1.5,0.0,1356,990,2
switch_1.02,0.3,0.25,20,1.02,1.5,last_10y,2016-05-09,2026-05-15,2520,0.30214787682794686,0.22716436527142853,1.276371536280606,-0.20975617033702576,13.015321724763162,2016-05-09,2022-05-13,904,254,343,2177,0.8638888888888889,1.1910045738203305,1.5,0.0,1280,897,2
switch_1.02,0.3,0.25,20,1.02,1.5,last_5y,2021-05-11,2026-05-15,1260,0.36723695118231126,0.247124997888283,1.3898103408596698,-0.20975617033702576,3.777700657564387,2021-05-11,2022-05-13,532,129,173,1087,0.8626984126984127,1.164140181522129,1.5,0.0,587,500,0
switch_1.02,0.3,0.25,20,1.02,1.5,last_3y,2023-05-11,2026-05-15,756,0.49935796577698377,0.2530624547356148,1.7281197756335307,-0.19027154989128703,2.370668123665735,2023-05-11,2026-03-30,286,74,95,661,0.8743386243386243,1.1863254886623185,1.5,0.0,368,293,0
switch_1.02,0.3,0.25,20,1.02,1.5,last_1y,2025-05-15,2026-05-15,252,0.73134773102764,0.2691575555238404,2.178941889771693,-0.19027154989128703,0.73134773102764,2025-05-15,2026-03-30,124,22,36,216,0.8571428571428571,1.0925893432869271,1.5,0.0,117,99,0
switch_1.03,0.3,0.25,20,1.03,1.5,full,2015-07-13,2026-05-15,2728,0.3032318253187687,0.22606829586418375,1.285118254332508,-0.20975617033702487,16.585523343689427,2015-07-13,2022-05-13,948,272,382,2346,0.8599706744868035,1.190123826695927,1.5,0.0,1355,991,5
switch_1.03,0.3,0.25,20,1.03,1.5,last_10y,2016-05-09,2026-05-15,2520,0.30397586365544704,0.22723118456568542,1.2822440312206371,-0.20975617033702487,13.213319794788612,2016-05-09,2022-05-13,903,252,343,2177,0.8638888888888889,1.1909944115424584,1.5,0.0,1279,898,5
switch_1.03,0.3,0.25,20,1.03,1.5,last_5y,2021-05-11,2026-05-15,1260,0.3672369511823119,0.247124997888283,1.3898103408596725,-0.20975617033702487,3.777700657564398,2021-05-11,2022-05-13,532,129,173,1087,0.8626984126984127,1.1641401815221293,1.5,0.0,587,500,0
switch_1.03,0.3,0.25,20,1.03,1.5,last_3y,2023-05-11,2026-05-15,756,0.49935796577698377,0.25306245473561484,1.7281197756335318,-0.19027154989128703,2.3706681236657343,2023-05-11,2026-03-30,286,74,95,661,0.8743386243386243,1.1863254886623185,1.5,0.0,368,293,0
switch_1.03,0.3,0.25,20,1.03,1.5,last_1y,2025-05-15,2026-05-15,252,0.7313477310276413,0.26915755552384035,2.1789418897717003,-0.19027154989128692,0.7313477310276413,2025-05-15,2026-03-30,124,22,36,216,0.8571428571428571,1.0925893432869271,1.5,0.0,117,99,0
switch_1.04,0.3,0.25,20,1.04,1.5,full,2015-07-13,2026-05-15,2728,0.3003022102365882,0.22613151159126363,1.2748604178333378,-0.20975617033702454,16.162273211845008,2015-07-13,2022-05-13,960,272,382,2346,0.8599706744868035,1.1897158125937433,1.5,0.0,1356,990,6
switch_1.04,0.3,0.25,20,1.04,1.5,last_10y,2016-05-09,2026-05-15,2520,0.30080292304466627,0.22729929888371647,1.2711992335239142,-0.20975617033702465,12.871232194691684,2016-05-09,2022-05-13,915,252,343,2177,0.8638888888888889,1.1905527200858086,1.5,0.0,1280,897,6
switch_1.04,0.3,0.25,20,1.04,1.5,last_5y,2021-05-11,2026-05-15,1260,0.3672369511823117,0.24712499788828307,1.3898103408596716,-0.20975617033702476,3.7777006575643934,2021-05-11,2022-05-13,532,129,173,1087,0.8626984126984127,1.1641401815221293,1.5,0.0,587,500,0
switch_1.04,0.3,0.25,20,1.04,1.5,last_3y,2023-05-11,2026-05-15,756,0.4993579657769831,0.2530624547356149,1.7281197756335307,-0.19027154989128714,2.37066812366573,2023-05-11,2026-03-30,286,74,95,661,0.8743386243386243,1.1863254886623185,1.5,0.0,368,293,0
switch_1.04,0.3,0.25,20,1.04,1.5,last_1y,2025-05-15,2026-05-15,252,0.7313477310276406,0.26915755552384035,2.178941889771696,-0.19027154989128714,0.7313477310276406,2025-05-15,2026-03-30,124,22,36,216,0.8571428571428571,1.0925893432869271,1.5,0.0,117,99,0
switch_1.05,0.3,0.25,20,1.05,1.5,full,2015-07-13,2026-05-15,2728,0.3030617402064011,0.2261052084719458,1.2843688620581097,-0.20975617033702476,16.56069399581105,2015-07-13,2022-05-13,958,270,382,2346,0.8599706744868035,1.189715812593743,1.5,0.0,1359,987,11
switch_1.05,0.3,0.25,20,1.05,1.5,last_10y,2016-05-09,2026-05-15,2520,0.3037916356446071,0.22727094112711152,1.2814385949866265,-0.20975617033702476,13.193251727731734,2016-05-09,2022-05-13,913,250,343,2177,0.8638888888888889,1.1905527200858084,1.5,0.0,1283,894,11
switch_1.05,0.3,0.25,20,1.05,1.5,last_5y,2021-05-11,2026-05-15,1260,0.36335158594914074,0.24715868468391466,1.3781251190245585,-0.20975617033702487,3.710199894712183,2021-05-11,2022-05-13,532,129,173,1087,0.8626984126984127,1.164140181522129,1.5,0.0,588,499,1
switch_1.05,0.3,0.25,20,1.05,1.5,last_3y,2023-05-11,2026-05-15,756,0.4922633246713519,0.2531241781147928,1.7089902647150141,-0.19027154989128647,2.3230463310971987,2023-05-11,2026-03-30,286,74,95,661,0.8743386243386243,1.1863254886623182,1.5,0.0,369,292,1
switch_1.05,0.3,0.25,20,1.05,1.5,last_1y,2025-05-15,2026-05-15,252,0.7313477310276408,0.2691575555238402,2.1789418897716972,-0.19027154989128658,0.7313477310276408,2025-05-15,2026-03-30,124,22,36,216,0.8571428571428571,1.092589343286927,1.5,0.0,117,99,0
switch_1.06,0.3,0.25,20,1.06,1.5,full,2015-07-13,2026-05-15,2728,0.31576492321647787,0.22606927429939852,1.3274851791705211,-0.20975617033702487,18.505291197909195,2015-07-13,2022-05-13,951,266,382,2346,0.8599706744868035,1.1897740254098994,1.5,0.0,1358,988,12
switch_1.06,0.3,0.25,20,1.06,1.5,last_10y,2016-05-09,2026-05-15,2520,0.3175565575748718,0.22723201438985438,1.327874532071604,-0.20975617033702498,14.764952573097261,2016-05-09,2022-05-13,906,246,343,2177,0.8638888888888889,1.19061573776933,1.5,0.0,1282,895,12
switch_1.06,0.3,0.25,20,1.06,1.5,last_5y,2021-05-11,2026-05-15,1260,0.3633515859491412,0.24715868468391483,1.3781251190245596,-0.20975617033702498,3.7101998947121917,2021-05-11,2022-05-13,532,129,173,1087,0.8626984126984127,1.1641401815221293,1.5,0.0,588,499,1
switch_1.06,0.3,0.25,20,1.06,1.5,last_3y,2023-05-11,2026-05-15,756,0.4922633246713526,0.253124178114793,1.7089902647150153,-0.19027154989128703,2.3230463310972027,2023-05-11,2026-03-30,286,74,95,661,0.8743386243386243,1.1863254886623187,1.5,0.0,369,292,1
switch_1.06,0.3,0.25,20,1.06,1.5,last_1y,2025-05-15,2026-05-15,252,0.7313477310276444,0.26915755552384046,2.178941889771703,-0.19027154989128703,0.7313477310276444,2025-05-15,2026-03-30,124,22,36,216,0.8571428571428571,1.0925893432869274,1.5,0.0,117,99,0
switch_1.07,0.3,0.25,20,1.07,1.5,full,2015-07-13,2026-05-15,2728,0.31940432117212203,0.2260929347596018,1.3396011496586127,-0.2097561703370242,19.09733904853532,2015-07-13,2022-05-13,951,266,382,2346,0.8599706744868035,1.1897816589647034,1.5,0.0,1357,989,15
switch_1.07,0.3,0.25,20,1.07,1.5,last_10y,2016-05-09,2026-05-15,2520,0.32150216493786954,0.2272574051544607,1.3409246011475258,-0.20975617033702432,15.24346920693894,2016-05-09,2022-05-13,906,246,343,2177,0.8638888888888889,1.1906240013953242,1.5,0.0,1281,896,15
switch_1.07,0.3,0.25,20,1.07,1.5,last_5y,2021-05-11,2026-05-15,1260,0.37378503698192445,0.24718082352434836,1.4089076199039168,-0.2097561703370242,3.893210613356345,2021-05-11,2022-05-13,532,129,173,1087,0.8626984126984127,1.1641567087741178,1.5,0.0,586,501,3
switch_1.07,0.3,0.25,20,1.07,1.5,last_3y,2023-05-11,2026-05-15,756,0.5023180879415017,0.2532037588772648,1.7350991071937398,-0.19027154989128703,2.3906712869541256,2023-05-11,2026-03-30,286,74,95,661,0.8743386243386243,1.1861655781755203,1.5,0.0,368,293,2
switch_1.07,0.3,0.25,20,1.07,1.5,last_1y,2025-05-15,2026-05-15,252,0.7665811590987663,0.26933411712897787,2.2526639348869195,-0.19027154989128703,0.7665811590987663,2025-05-15,2026-03-30,124,22,36,216,0.8571428571428571,1.092109611826532,1.5,0.0,116,100,1
switch_1.08,0.3,0.25,20,1.08,1.5,full,2015-07-13,2026-05-15,2728,0.3219974614084944,0.22600021871233011,1.348755066167862,-0.20975617033702476,19.529084472804517,2015-07-13,2022-05-13,949,264,382,2346,0.8599706744868035,1.1900245230081945,1.5,0.0,1352,994,20
switch_1.08,0.3,0.25,20,1.08,1.5,last_10y,2016-05-09,2026-05-15,2520,0.3223059004891027,0.2271585938215972,1.3440877313584558,-0.20975617033702498,15.342532556336074,2016-05-09,2022-05-13,904,244,343,2177,0.8638888888888889,1.1908913569457518,1.5,0.0,1278,899,18
switch_1.08,0.3,0.25,20,1.08,1.5,last_5y,2021-05-11,2026-05-15,1260,0.375456612976931,0.24699827745152936,1.4146941294095143,-0.20975617033702487,3.923052627182911,2021-05-11,2022-05-13,530,127,173,1087,0.8626984126984127,1.164691419874973,1.5,0.0,583,504,6
switch_1.08,0.3,0.25,20,1.08,1.5,last_3y,2023-05-11,2026-05-15,756,0.49962104965143794,0.2528913700716931,1.7298085443058058,-0.19027154989128725,2.3724427313079377,2023-05-11,2026-03-30,284,72,95,661,0.8743386243386243,1.187050312326466,1.5,0.0,366,295,4
switch_1.08,0.3,0.25,20,1.08,1.5,last_1y,2025-05-15,2026-05-15,252,0.7570838589369842,0.26846597455808446,2.2389405710574968,-0.19027154989128736,0.7570838589369842,2025-05-15,2026-03-30,122,20,36,216,0.8571428571428571,1.094763814279369,1.5,0.0,114,102,3
switch_1.09,0.3,0.25,20,1.09,1.5,full,2015-07-13,2026-05-15,2728,0.3190015017679533,0.225471847490127,1.3413511615036877,-0.20975617033702576,19.03101613780309,2015-07-13,2022-05-13,929,264,382,2346,0.8599706744868035,1.192257257695848,1.5,0.0,1353,993,23
switch_1.09,0.3,0.25,20,1.09,1.5,last_10y,2016-05-09,2026-05-15,2520,0.31906220221300075,0.22658949831841557,1.3360833359528084,-0.20975617033702576,14.946036648745855,2016-05-09,2022-05-13,884,244,343,2177,0.8638888888888889,1.1933083808457194,1.5,0.0,1279,898,21
switch_1.09,0.3,0.25,20,1.09,1.5,last_5y,2021-05-11,2026-05-15,1260,0.3687167292729445,0.24595416153281077,1.3997313909762934,-0.20975617033702576,3.8036115177464973,2021-05-11,2022-05-13,510,127,173,1087,0.8626984126984127,1.169525467674908,1.5,0.0,584,503,9
switch_1.09,0.3,0.25,20,1.09,1.5,last_3y,2023-05-11,2026-05-15,756,0.5130606586936537,0.2529553046640055,1.7647617996523628,-0.1902715498912868,2.463929287704648,2023-05-11,2026-03-30,284,72,95,661,0.8743386243386243,1.187050312326466,1.5,0.0,368,293,6
switch_1.09,0.3,0.25,20,1.09,1.5,last_1y,2025-05-15,2026-05-15,252,0.8047494723696669,0.26857814170532807,2.338001060984562,-0.19027154989128692,0.8047494723696669,2025-05-15,2026-03-30,122,20,36,216,0.8571428571428571,1.094763814279369,1.5,0.0,116,100,5
switch_1.10,0.3,0.25,20,1.1,1.5,full,2015-07-13,2026-05-15,2728,0.31838707629304897,0.22571099935526176,1.3381093765055627,-0.20975617033702454,18.930235503465177,2015-07-13,2022-05-13,929,264,382,2346,0.8599706744868035,1.192257257695848,1.5,0.0,1357,989,25
switch_1.10,0.3,0.25,20,1.1,1.5,last_10y,2016-05-09,2026-05-15,2520,0.3183970444341573,0.2268471051583044,1.3326051284479878,-0.20975617033702465,14.865808482706722,2016-05-09,2022-05-13,884,244,343,2177,0.8638888888888889,1.1933083808457194,1.5,0.0,1283,894,23
switch_1.10,0.3,0.25,20,1.1,1.5,last_5y,2021-05-11,2026-05-15,1260,0.3687167292729445,0.24595416153281077,1.399731390976294,-0.20975617033702476,3.8036115177464973,2021-05-11,2022-05-13,510,127,173,1087,0.8626984126984127,1.169525467674908,1.5,0.0,584,503,9
switch_1.10,0.3,0.25,20,1.1,1.5,last_3y,2023-05-11,2026-05-15,756,0.5130606586936524,0.2529553046640056,1.7647617996523564,-0.19027154989128714,2.463929287704639,2023-05-11,2026-03-30,284,72,95,661,0.8743386243386243,1.187050312326466,1.5,0.0,368,293,6
switch_1.10,0.3,0.25,20,1.1,1.5,last_1y,2025-05-15,2026-05-15,252,0.8047494723696651,0.2685781417053282,2.338001060984558,-0.19027154989128714,0.8047494723696651,2025-05-15,2026-03-30,122,20,36,216,0.8571428571428571,1.094763814279369,1.5,0.0,116,100,5
switch_1.11,0.3,0.25,20,1.11,1.5,full,2015-07-13,2026-05-15,2728,0.32566597911850703,0.2257139728089547,1.3625134765468239,-0.20975617033702554,20.15425994942771,2015-07-13,2022-05-13,927,262,382,2346,0.8599706744868035,1.192257257695848,1.5,0.0,1361,985,27
switch_1.11,0.3,0.25,20,1.11,1.5,last_10y,2016-05-09,2026-05-15,2520,0.3262785975732725,0.2268502558184202,1.3588916853770483,-0.20975617033702576,15.840214301163616,2016-05-09,2022-05-13,882,242,343,2177,0.8638888888888889,1.1933083808457194,1.5,0.0,1287,890,25
switch_1.11,0.3,0.25,20,1.11,1.5,last_5y,2021-05-11,2026-05-15,1260,0.3851303864112612,0.24595131690927552,1.4482719044341024,-0.20975617033702554,4.09862749613806,2021-05-11,2022-05-13,508,125,173,1087,0.8626984126984127,1.169525467674908,1.5,0.0,588,499,11
switch_1.11,0.3,0.25,20,1.11,1.5,last_3y,2023-05-11,2026-05-15,756,0.5434224321757519,0.25291757993682235,1.8436713439987513,-0.1902715498912868,2.6766680747851606,2023-05-11,2026-03-30,282,70,95,661,0.8743386243386243,1.187050312326466,1.5,0.0,372,289,8
switch_1.11,0.3,0.25,20,1.11,1.5,last_1y,2025-05-15,2026-05-15,252,0.9155889791398921,0.2682938206134485,2.56289573196218,-0.1902715498912868,0.9155889791398921,2025-05-15,2026-03-30,120,18,36,216,0.8571428571428571,1.094763814279369,1.5,0.0,120,96,7
switch_1.12,0.3,0.25,20,1.12,1.5,full,2015-07-13,2026-05-15,2728,0.32566597911850725,0.2257139728089546,1.3625134765468243,-0.20975617033702498,20.154259949427757,2015-07-13,2022-05-13,927,262,382,2346,0.8599706744868035,1.192257257695848,1.5,0.0,1361,985,27
switch_1.12,0.3,0.25,20,1.12,1.5,last_10y,2016-05-09,2026-05-15,2520,0.32627859757327293,0.22685025581842017,1.3588916853770512,-0.20975617033702476,15.840214301163666,2016-05-09,2022-05-13,882,242,343,2177,0.8638888888888889,1.1933083808457194,1.5,0.0,1287,890,25
switch_1.12,0.3,0.25,20,1.12,1.5,last_5y,2021-05-11,2026-05-15,1260,0.38513038641126096,0.24595131690927544,1.4482719044340993,-0.20975617033702476,4.098627496138055,2021-05-11,2022-05-13,508,125,173,1087,0.8626984126984127,1.169525467674908,1.5,0.0,588,499,11
switch_1.12,0.3,0.25,20,1.12,1.5,last_3y,2023-05-11,2026-05-15,756,0.5434224321757508,0.25291757993682223,1.8436713439987467,-0.19027154989128692,2.676668074785153,2023-05-11,2026-03-30,282,70,95,661,0.8743386243386243,1.187050312326466,1.5,0.0,372,289,8
switch_1.12,0.3,0.25,20,1.12,1.5,last_1y,2025-05-15,2026-05-15,252,0.9155889791398895,0.26829382061344825,2.5628957319621675,-0.1902715498912868,0.9155889791398895,2025-05-15,2026-03-30,120,18,36,216,0.8571428571428571,1.094763814279369,1.5,0.0,120,96,7
switch_1.13,0.3,0.25,20,1.13,1.5,full,2015-07-13,2026-05-15,2728,0.32691693321081683,0.22568115039293232,1.3668630219908509,-0.2097561703370251,20.371361616850955,2015-07-13,2022-05-13,927,262,382,2346,0.8599706744868035,1.192257257695848,1.5,0.0,1358,988,30
switch_1.13,0.3,0.25,20,1.13,1.5,last_10y,2016-05-09,2026-05-15,2520,0.3276334835746535,0.22681488846320444,1.3635751539272485,-0.2097561703370252,16.013041836293084,2016-05-09,2022-05-13,882,242,343,2177,0.8638888888888889,1.1933083808457194,1.5,0.0,1284,893,28
switch_1.13,0.3,0.25,20,1.13,1.5,last_5y,2021-05-11,2026-05-15,1260,0.38423403112298726,0.24595834103902617,1.4456019678995125,-0.2097561703370251,4.0821515361334955,2021-05-11,2022-05-13,508,125,173,1087,0.8626984126984127,1.169525467674908,1.5,0.0,587,500,12
switch_1.13,0.3,0.25,20,1.13,1.5,last_3y,2023-05-11,2026-05-15,756,0.5434224321757506,0.2529175799368223,1.8436713439987482,-0.19027154989128714,2.676668074785152,2023-05-11,2026-03-30,282,70,95,661,0.8743386243386243,1.187050312326466,1.5,0.0,372,289,8
switch_1.13,0.3,0.25,20,1.13,1.5,last_1y,2025-05-15,2026-05-15,252,0.9155889791398881,0.2682938206134484,2.5628957319621692,-0.19027154989128714,0.9155889791398881,2025-05-15,2026-03-30,120,18,36,216,0.8571428571428571,1.094763814279369,1.5,0.0,120,96,7
switch_1.14,0.3,0.25,20,1.14,1.5,full,2015-07-13,2026-05-15,2728,0.32291091699240804,0.22583590548309013,1.352686842168288,-0.2097561703370251,19.683163997875806,2015-07-13,2022-05-13,934,262,382,2346,0.8599706744868035,1.1917716198861712,1.5,0.0,1359,987,31
switch_1.14,0.3,0.25,20,1.14,1.5,last_10y,2016-05-09,2026-05-15,2520,0.32329501131763716,0.22698161400725456,1.3483135888647284,-0.2097561703370252,15.465190225657771,2016-05-09,2022-05-13,889,242,343,2177,0.8638888888888889,1.1927826586454027,1.5,0.0,1285,892,29
switch_1.14,0.3,0.25,20,1.14,1.5,last_5y,2021-05-11,2026-05-15,1260,0.3752019471609416,0.24627041840031214,1.4174839202097271,-0.2097561703370251,3.9184967981181025,2021-05-11,2022-05-13,515,125,173,1087,0.8626984126984127,1.1684740232742747,1.5,0.0,588,499,13
switch_1.14,0.3,0.25,20,1.14,1.5,last_3y,2023-05-11,2026-05-15,756,0.5266743262435629,0.2534415559675567,1.79728900382891,-0.19027154989128692,2.558272520014603,2023-05-11,2026-03-30,289,70,95,661,0.8743386243386243,1.1852979049920767,1.5,0.0,373,288,9
switch_1.14,0.3,0.25,20,1.14,1.5,last_1y,2025-05-15,2026-05-15,252,0.915588979139889,0.26829382061344836,2.56289573196217,-0.1902715498912868,0.915588979139889,2025-05-15,2026-03-30,120,18,36,216,0.8571428571428571,1.094763814279369,1.5,0.0,120,96,7
switch_1.15,0.3,0.25,20,1.15,1.5,full,2015-07-13,2026-05-15,2728,0.32291091699240804,0.22583590548309013,1.352686842168288,-0.2097561703370251,19.683163997875806,2015-07-13,2022-05-13,934,262,382,2346,0.8599706744868035,1.1917716198861712,1.5,0.0,1359,987,31
switch_1.15,0.3,0.25,20,1.15,1.5,last_10y,2016-05-09,2026-05-15,2520,0.32329501131763716,0.22698161400725456,1.3483135888647284,-0.2097561703370252,15.465190225657771,2016-05-09,2022-05-13,889,242,343,2177,0.8638888888888889,1.1927826586454027,1.5,0.0,1285,892,29
switch_1.15,0.3,0.25,20,1.15,1.5,last_5y,2021-05-11,2026-05-15,1260,0.3752019471609416,0.24627041840031214,1.4174839202097271,-0.2097561703370251,3.9184967981181025,2021-05-11,2022-05-13,515,125,173,1087,0.8626984126984127,1.1684740232742747,1.5,0.0,588,499,13
switch_1.15,0.3,0.25,20,1.15,1.5,last_3y,2023-05-11,2026-05-15,756,0.5266743262435629,0.2534415559675567,1.79728900382891,-0.19027154989128692,2.558272520014603,2023-05-11,2026-03-30,289,70,95,661,0.8743386243386243,1.1852979049920767,1.5,0.0,373,288,9
switch_1.15,0.3,0.25,20,1.15,1.5,last_1y,2025-05-15,2026-05-15,252,0.915588979139889,0.26829382061344836,2.56289573196217,-0.1902715498912868,0.915588979139889,2025-05-15,2026-03-30,120,18,36,216,0.8571428571428571,1.094763814279369,1.5,0.0,120,96,7
switch_1.16,0.3,0.25,20,1.16,1.5,full,2015-07-13,2026-05-15,2728,0.3229109169924078,0.22583590548309013,1.3526868421682876,-0.20975617033702476,19.683163997875774,2015-07-13,2022-05-13,934,262,382,2346,0.8599706744868035,1.1917716198861712,1.5,0.0,1359,987,31
switch_1.16,0.3,0.25,20,1.16,1.5,last_10y,2016-05-09,2026-05-15,2520,0.32329501131763716,0.22698161400725453,1.3483135888647275,-0.20975617033702476,15.465190225657768,2016-05-09,2022-05-13,889,242,343,2177,0.8638888888888889,1.1927826586454027,1.5,0.0,1285,892,29
switch_1.16,0.3,0.25,20,1.16,1.5,last_5y,2021-05-11,2026-05-15,1260,0.3752019471609416,0.2462704184003122,1.417483920209728,-0.20975617033702476,3.9184967981181025,2021-05-11,2022-05-13,515,125,173,1087,0.8626984126984127,1.1684740232742747,1.5,0.0,588,499,13
switch_1.16,0.3,0.25,20,1.16,1.5,last_3y,2023-05-11,2026-05-15,756,0.5266743262435627,0.2534415559675567,1.79728900382891,-0.19027154989128703,2.5582725200146026,2023-05-11,2026-03-30,289,70,95,661,0.8743386243386243,1.1852979049920767,1.5,0.0,373,288,9
switch_1.16,0.3,0.25,20,1.16,1.5,last_1y,2025-05-15,2026-05-15,252,0.9155889791398906,0.26829382061344853,2.5628957319621684,-0.19027154989128703,0.9155889791398906,2025-05-15,2026-03-30,120,18,36,216,0.8571428571428571,1.094763814279369,1.5,0.0,120,96,7
switch_1.17,0.3,0.25,20,1.17,1.5,full,2015-07-13,2026-05-15,2728,0.3229109169924076,0.22583590548309013,1.3526868421682874,-0.2097561703370251,19.68316399787575,2015-07-13,2022-05-13,934,262,382,2346,0.8599706744868035,1.191771619886171,1.5,0.0,1359,987,31
switch_1.17,0.3,0.25,20,1.17,1.5,last_10y,2016-05-09,2026-05-15,2520,0.3232950113176367,0.22698161400725453,1.3483135888647262,-0.2097561703370251,15.465190225657718,2016-05-09,2022-05-13,889,242,343,2177,0.8638888888888889,1.1927826586454024,1.5,0.0,1285,892,29
switch_1.17,0.3,0.25,20,1.17,1.5,last_5y,2021-05-11,2026-05-15,1260,0.37520194716094113,0.2462704184003122,1.4174839202097267,-0.2097561703370251,3.918496798118098,2021-05-11,2022-05-13,515,125,173,1087,0.8626984126984127,1.1684740232742747,1.5,0.0,588,499,13
switch_1.17,0.3,0.25,20,1.17,1.5,last_3y,2023-05-11,2026-05-15,756,0.5266743262435625,0.25344155596755674,1.7972890038289073,-0.19027154989128692,2.558272520014601,2023-05-11,2026-03-30,289,70,95,661,0.8743386243386243,1.1852979049920767,1.5,0.0,373,288,9
switch_1.17,0.3,0.25,20,1.17,1.5,last_1y,2025-05-15,2026-05-15,252,0.9155889791398903,0.2682938206134484,2.5628957319621706,-0.19027154989128692,0.9155889791398903,2025-05-15,2026-03-30,120,18,36,216,0.8571428571428571,1.094763814279369,1.5,0.0,120,96,7
switch_1.18,0.3,0.25,20,1.18,1.5,full,2015-07-13,2026-05-15,2728,0.3229109169924076,0.22583590548309013,1.3526868421682874,-0.2097561703370251,19.68316399787575,2015-07-13,2022-05-13,934,262,382,2346,0.8599706744868035,1.191771619886171,1.5,0.0,1359,987,31
switch_1.18,0.3,0.25,20,1.18,1.5,last_10y,2016-05-09,2026-05-15,2520,0.3232950113176367,0.22698161400725453,1.3483135888647262,-0.2097561703370251,15.465190225657718,2016-05-09,2022-05-13,889,242,343,2177,0.8638888888888889,1.1927826586454024,1.5,0.0,1285,892,29
switch_1.18,0.3,0.25,20,1.18,1.5,last_5y,2021-05-11,2026-05-15,1260,0.37520194716094113,0.2462704184003122,1.4174839202097267,-0.2097561703370251,3.918496798118098,2021-05-11,2022-05-13,515,125,173,1087,0.8626984126984127,1.1684740232742747,1.5,0.0,588,499,13
switch_1.18,0.3,0.25,20,1.18,1.5,last_3y,2023-05-11,2026-05-15,756,0.5266743262435625,0.25344155596755674,1.7972890038289073,-0.19027154989128692,2.558272520014601,2023-05-11,2026-03-30,289,70,95,661,0.8743386243386243,1.1852979049920767,1.5,0.0,373,288,9
switch_1.18,0.3,0.25,20,1.18,1.5,last_1y,2025-05-15,2026-05-15,252,0.9155889791398903,0.2682938206134484,2.5628957319621706,-0.19027154989128692,0.9155889791398903,2025-05-15,2026-03-30,120,18,36,216,0.8571428571428571,1.094763814279369,1.5,0.0,120,96,7
switch_1.19,0.3,0.25,20,1.19,1.5,full,2015-07-13,2026-05-15,2728,0.32299949804579087,0.22583806467462922,1.3529728897439781,-0.20975617033702543,19.698161326461292,2015-07-13,2022-05-13,934,262,382,2346,0.8599706744868035,1.1917696329707066,1.5,0.0,1358,988,32
switch_1.19,0.3,0.25,20,1.19,1.5,last_10y,2016-05-09,2026-05-15,2520,0.3233909319295625,0.22698393890319665,1.3486218028553894,-0.20975617033702532,15.477129108319136,2016-05-09,2022-05-13,889,242,343,2177,0.8638888888888889,1.1927805077305662,1.5,0.0,1284,893,30
switch_1.19,0.3,0.25,20,1.19,1.5,last_5y,2021-05-11,2026-05-15,1260,0.3752019471609407,0.24627041840031214,1.4174839202097254,-0.20975617033702532,3.9184967981180865,2021-05-11,2022-05-13,515,125,173,1087,0.8626984126984127,1.1684740232742747,1.5,0.0,588,499,13
switch_1.19,0.3,0.25,20,1.19,1.5,last_3y,2023-05-11,2026-05-15,756,0.526674326243562,0.25344155596755674,1.797289003828907,-0.19027154989128703,2.5582725200145977,2023-05-11,2026-03-30,289,70,95,661,0.8743386243386243,1.1852979049920767,1.5,0.0,373,288,9
switch_1.19,0.3,0.25,20,1.19,1.5,last_1y,2025-05-15,2026-05-15,252,0.9155889791398886,0.26829382061344853,2.562895731962166,-0.19027154989128703,0.9155889791398886,2025-05-15,2026-03-30,120,18,36,216,0.8571428571428571,1.094763814279369,1.5,0.0,120,96,7
switch_1.20,0.3,0.25,20,1.2,1.5,full,2015-07-13,2026-05-15,2728,0.32425563991681194,0.22586132605274215,1.3570630815760771,-0.2097561703370252,19.911899097889254,2015-07-13,2022-05-13,934,262,382,2346,0.8599706744868035,1.1918037275476963,1.5,0.0,1357,989,33
switch_1.20,0.3,0.25,20,1.2,1.5,last_10y,2016-05-09,2026-05-15,2520,0.3247512109647557,0.22700898216854903,1.3530285159449724,-0.2097561703370252,15.647278755893936,2016-05-09,2022-05-13,889,242,343,2177,0.8638888888888889,1.1928174164631171,1.5,0.0,1283,894,31
switch_1.20,0.3,0.25,20,1.2,1.5,last_5y,2021-05-11,2026-05-15,1260,0.37803046854976174,0.24631513167700078,1.4256234702621817,-0.20975617033702532,3.969287229588037,2021-05-11,2022-05-13,515,125,173,1087,0.8626984126984127,1.1685478407393766,1.5,0.0,587,500,14
switch_1.20,0.3,0.25,20,1.2,1.5,last_3y,2023-05-11,2026-05-15,756,0.5266743262435618,0.2534415559675567,1.7972890038289067,-0.19027154989128758,2.558272520014596,2023-05-11,2026-03-30,289,70,95,661,0.8743386243386243,1.1852979049920767,1.5,0.0,373,288,9
switch_1.20,0.3,0.25,20,1.2,1.5,last_1y,2025-05-15,2026-05-15,252,0.915588979139889,0.2682938206134485,2.562895731962165,-0.19027154989128747,0.915588979139889,2025-05-15,2026-03-30,120,18,36,216,0.8571428571428571,1.094763814279369,1.5,0.0,120,96,7
switch_1.21,0.3,0.25,20,1.21,1.5,full,2015-07-13,2026-05-15,2728,0.3250377856264357,0.22590700162263835,1.3594513021429602,-0.2097561703370252,20.045994424156124,2015-07-13,2022-05-13,934,262,382,2346,0.8599706744868035,1.1917986972183663,1.5,0.0,1357,989,35
switch_1.21,0.3,0.25,20,1.21,1.5,last_10y,2016-05-09,2026-05-15,2520,0.32615696073019995,0.22703538657031536,1.357574470788573,-0.20975617033702532,15.824776026523814,2016-05-09,2022-05-13,889,242,343,2177,0.8638888888888889,1.192817416463117,1.5,0.0,1284,893,32
switch_1.21,0.3,0.25,20,1.21,1.5,last_5y,2021-05-11,2026-05-15,1260,0.37803046854976174,0.24631513167700048,1.4256234702621828,-0.20975617033702532,3.969287229588037,2021-05-11,2022-05-13,515,125,173,1087,0.8626984126984127,1.1685478407393761,1.5,0.0,587,500,14
switch_1.21,0.3,0.25,20,1.21,1.5,last_3y,2023-05-11,2026-05-15,756,0.5266743262435616,0.25344155596755646,1.7972890038289098,-0.19027154989128714,2.5582725200145946,2023-05-11,2026-03-30,289,70,95,661,0.8743386243386243,1.1852979049920764,1.5,0.0,373,288,9
switch_1.21,0.3,0.25,20,1.21,1.5,last_1y,2025-05-15,2026-05-15,252,0.9155889791398835,0.2682938206134481,2.5628957319621617,-0.19027154989128714,0.9155889791398835,2025-05-15,2026-03-30,120,18,36,216,0.8571428571428571,1.094763814279368,1.5,0.0,120,96,7
switch_1.22,0.3,0.25,20,1.22,1.5,full,2015-07-13,2026-05-15,2728,0.3250377856264357,0.22590700162263835,1.3594513021429602,-0.2097561703370252,20.045994424156124,2015-07-13,2022-05-13,934,262,382,2346,0.8599706744868035,1.1917986972183663,1.5,0.0,1357,989,35
switch_1.22,0.3,0.25,20,1.22,1.5,last_10y,2016-05-09,2026-05-15,2520,0.32615696073019995,0.22703538657031536,1.357574470788573,-0.20975617033702532,15.824776026523814,2016-05-09,2022-05-13,889,242,343,2177,0.8638888888888889,1.192817416463117,1.5,0.0,1284,893,32
switch_1.22,0.3,0.25,20,1.22,1.5,last_5y,2021-05-11,2026-05-15,1260,0.37803046854976174,0.24631513167700048,1.4256234702621828,-0.20975617033702532,3.969287229588037,2021-05-11,2022-05-13,515,125,173,1087,0.8626984126984127,1.1685478407393761,1.5,0.0,587,500,14
switch_1.22,0.3,0.25,20,1.22,1.5,last_3y,2023-05-11,2026-05-15,756,0.5266743262435616,0.25344155596755646,1.7972890038289098,-0.19027154989128714,2.5582725200145946,2023-05-11,2026-03-30,289,70,95,661,0.8743386243386243,1.1852979049920764,1.5,0.0,373,288,9
switch_1.22,0.3,0.25,20,1.22,1.5,last_1y,2025-05-15,2026-05-15,252,0.9155889791398835,0.2682938206134481,2.5628957319621617,-0.19027154989128714,0.9155889791398835,2025-05-15,2026-03-30,120,18,36,216,0.8571428571428571,1.094763814279368,1.5,0.0,120,96,7
switch_1.23,0.3,0.25,20,1.23,1.5,full,2015-07-13,2026-05-15,2728,0.3252602595687264,0.22590873138386677,1.3601866992609588,-0.20975617033702543,20.084278874613016,2015-07-13,2022-05-13,934,262,382,2346,0.8599706744868035,1.1917920758177607,1.5,0.0,1356,990,36
switch_1.23,0.3,0.25,20,1.23,1.5,last_10y,2016-05-09,2026-05-15,2520,0.32639800269077335,0.2270372462443443,1.3583667026443398,-0.20975617033702543,15.855381722375203,2016-05-09,2022-05-13,889,242,343,2177,0.8638888888888889,1.1928102485342076,1.5,0.0,1283,894,33
switch_1.23,0.3,0.25,20,1.23,1.5,last_5y,2021-05-11,2026-05-15,1260,0.37803046854976174,0.24631513167700053,1.425623470262182,-0.20975617033702543,3.9692872295880353,2021-05-11,2022-05-13,515,125,173,1087,0.8626984126984127,1.1685478407393761,1.5,0.0,587,500,14
switch_1.23,0.3,0.25,20,1.23,1.5,last_3y,2023-05-11,2026-05-15,756,0.5266743262435618,0.2534415559675564,1.7972890038289084,-0.1902715498912868,2.558272520014596,2023-05-11,2026-03-30,289,70,95,661,0.8743386243386243,1.1852979049920764,1.5,0.0,373,288,9
switch_1.23,0.3,0.25,20,1.23,1.5,last_1y,2025-05-15,2026-05-15,252,0.915588979139885,0.2682938206134479,2.5628957319621635,-0.1902715498912868,0.915588979139885,2025-05-15,2026-03-30,120,18,36,216,0.8571428571428571,1.094763814279368,1.5,0.0,120,96,7
switch_1.24,0.3,0.25,20,1.24,1.5,full,2015-07-13,2026-05-15,2728,0.32526025956872706,0.22590873138386683,1.3601866992609608,-0.20975617033702454,20.084278874613133,2015-07-13,2022-05-13,934,262,382,2346,0.8599706744868035,1.1917920758177607,1.5,0.0,1356,990,36
switch_1.24,0.3,0.25,20,1.24,1.5,last_10y,2016-05-09,2026-05-15,2520,0.326398002690774,0.22703724624434424,1.3583667026443411,-0.20975617033702443,15.855381722375277,2016-05-09,2022-05-13,889,242,343,2177,0.8638888888888889,1.1928102485342074,1.5,0.0,1283,894,33
switch_1.24,0.3,0.25,20,1.24,1.5,last_5y,2021-05-11,2026-05-15,1260,0.37803046854976197,0.24631513167700042,1.4256234702621846,-0.20975617033702443,3.9692872295880415,2021-05-11,2022-05-13,515,125,173,1087,0.8626984126984127,1.1685478407393761,1.5,0.0,587,500,14
switch_1.24,0.3,0.25,20,1.24,1.5,last_3y,2023-05-11,2026-05-15,756,0.5266743262435611,0.2534415559675565,1.7972890038289067,-0.1902715498912868,2.558272520014592,2023-05-11,2026-03-30,289,70,95,661,0.8743386243386243,1.1852979049920764,1.5,0.0,373,288,9
switch_1.24,0.3,0.25,20,1.24,1.5,last_1y,2025-05-15,2026-05-15,252,0.9155889791398855,0.268293820613448,2.562895731962165,-0.1902715498912868,0.9155889791398855,2025-05-15,2026-03-30,120,18,36,216,0.8571428571428571,1.094763814279368,1.5,0.0,120,96,7
switch_1.25,0.3,0.25,20,1.25,1.5,full,2015-07-13,2026-05-15,2728,0.32778628526401743,0.2259079103145179,1.368631480340751,-0.20975617033702532,20.5234255595441,2015-07-13,2022-05-13,934,262,382,2346,0.8599706744868035,1.1918506438593859,1.5,0.0,1358,988,38
switch_1.25,0.3,0.25,20,1.25,1.5,last_10y,2016-05-09,2026-05-15,2520,0.3291350885124389,0.2270363185144959,1.3674633025101055,-0.20975617033702554,16.20644827061467,2016-05-09,2022-05-13,889,242,343,2177,0.8638888888888889,1.192873650763395,1.5,0.0,1285,892,35
switch_1.25,0.3,0.25,20,1.25,1.5,last_5y,2021-05-11,2026-05-15,1260,0.3780304685497611,0.24631513167700045,1.425623470262181,-0.20975617033702554,3.9692872295880237,2021-05-11,2022-05-13,515,125,173,1087,0.8626984126984127,1.168547840739376,1.5,0.0,587,500,14
switch_1.25,0.3,0.25,20,1.25,1.5,last_3y,2023-05-11,2026-05-15,756,0.5266743262435607,0.25344155596755646,1.797289003828905,-0.19027154989128692,2.558272520014589,2023-05-11,2026-03-30,289,70,95,661,0.8743386243386243,1.185297904992076,1.5,0.0,373,288,9
switch_1.25,0.3,0.25,20,1.25,1.5,last_1y,2025-05-15,2026-05-15,252,0.9155889791398839,0.26829382061344814,2.562895731962158,-0.1902715498912868,0.9155889791398839,2025-05-15,2026-03-30,120,18,36,216,0.8571428571428571,1.094763814279368,1.5,0.0,120,96,7
switch_1.26,0.3,0.25,20,1.26,1.5,full,2015-07-13,2026-05-15,2728,0.32778628526401765,0.22590791031451793,1.368631480340751,-0.20975617033702543,20.52342555954413,2015-07-13,2022-05-13,934,262,382,2346,0.8599706744868035,1.1918506438593859,1.5,0.0,1358,988,38
switch_1.26,0.3,0.25,20,1.26,1.5,last_10y,2016-05-09,2026-05-15,2520,0.3291350885124391,0.22703631851449593,1.3674633025101077,-0.20975617033702532,16.206448270614686,2016-05-09,2022-05-13,889,242,343,2177,0.8638888888888889,1.192873650763395,1.5,0.0,1285,892,35
switch_1.26,0.3,0.25,20,1.26,1.5,last_5y,2021-05-11,2026-05-15,1260,0.3780304685497622,0.24631513167700037,1.4256234702621857,-0.20975617033702532,3.969287229588044,2021-05-11,2022-05-13,515,125,173,1087,0.8626984126984127,1.168547840739376,1.5,0.0,587,500,14
switch_1.26,0.3,0.25,20,1.26,1.5,last_3y,2023-05-11,2026-05-15,756,0.5266743262435623,0.2534415559675563,1.7972890038289093,-0.1902715498912868,2.558272520014599,2023-05-11,2026-03-30,289,70,95,661,0.8743386243386243,1.185297904992076,1.5,0.0,373,288,9
switch_1.26,0.3,0.25,20,1.26,1.5,last_1y,2025-05-15,2026-05-15,252,0.9155889791398841,0.2682938206134481,2.562895731962168,-0.1902715498912867,0.9155889791398841,2025-05-15,2026-03-30,120,18,36,216,0.8571428571428571,1.094763814279368,1.5,0.0,120,96,7
switch_1.27,0.3,0.25,20,1.27,1.5,full,2015-07-13,2026-05-15,2728,0.327108541536161,0.22590060253976635,1.3664055973480127,-0.20975617033702543,20.404793032472206,2015-07-13,2022-05-13,934,262,382,2346,0.8599706744868035,1.1918550694471102,1.5,0.0,1357,989,39
switch_1.27,0.3,0.25,20,1.27,1.5,last_10y,2016-05-09,2026-05-15,2520,0.3284006742082708,0.2270284590751068,1.3650653155388957,-0.20975617033702532,16.111610000812902,2016-05-09,2022-05-13,889,242,343,2177,0.8638888888888889,1.1928784416377256,1.5,0.0,1284,893,36
switch_1.27,0.3,0.25,20,1.27,1.5,last_5y,2021-05-11,2026-05-15,1260,0.37803046854976086,0.2463151316770004,1.4256234702621833,-0.20975617033702543,3.969287229588023,2021-05-11,2022-05-13,515,125,173,1087,0.8626984126984127,1.1685478407393755,1.5,0.0,587,500,14
switch_1.27,0.3,0.25,20,1.27,1.5,last_3y,2023-05-11,2026-05-15,756,0.5266743262435611,0.2534415559675563,1.7972890038289069,-0.19027154989128692,2.5582725200145906,2023-05-11,2026-03-30,289,70,95,661,0.8743386243386243,1.1852979049920758,1.5,0.0,373,288,9
switch_1.27,0.3,0.25,20,1.27,1.5,last_1y,2025-05-15,2026-05-15,252,0.9155889791398832,0.2682938206134479,2.5628957319621612,-0.19027154989128692,0.9155889791398832,2025-05-15,2026-03-30,120,18,36,216,0.8571428571428571,1.094763814279368,1.5,0.0,120,96,7
switch_1.28,0.3,0.25,20,1.28,1.5,full,2015-07-13,2026-05-15,2728,0.327108541536161,0.22590060253976635,1.3664055973480127,-0.20975617033702543,20.404793032472206,2015-07-13,2022-05-13,934,262,382,2346,0.8599706744868035,1.1918550694471102,1.5,0.0,1357,989,39
switch_1.28,0.3,0.25,20,1.28,1.5,last_10y,2016-05-09,2026-05-15,2520,0.3284006742082708,0.2270284590751068,1.3650653155388957,-0.20975617033702532,16.111610000812902,2016-05-09,2022-05-13,889,242,343,2177,0.8638888888888889,1.1928784416377256,1.5,0.0,1284,893,36
switch_1.28,0.3,0.25,20,1.28,1.5,last_5y,2021-05-11,2026-05-15,1260,0.37803046854976086,0.2463151316770004,1.4256234702621833,-0.20975617033702543,3.969287229588023,2021-05-11,2022-05-13,515,125,173,1087,0.8626984126984127,1.1685478407393755,1.5,0.0,587,500,14
switch_1.28,0.3,0.25,20,1.28,1.5,last_3y,2023-05-11,2026-05-15,756,0.5266743262435611,0.2534415559675563,1.7972890038289069,-0.19027154989128692,2.5582725200145906,2023-05-11,2026-03-30,289,70,95,661,0.8743386243386243,1.1852979049920758,1.5,0.0,373,288,9
switch_1.28,0.3,0.25,20,1.28,1.5,last_1y,2025-05-15,2026-05-15,252,0.9155889791398832,0.2682938206134479,2.5628957319621612,-0.19027154989128692,0.9155889791398832,2025-05-15,2026-03-30,120,18,36,216,0.8571428571428571,1.094763814279368,1.5,0.0,120,96,7
switch_1.29,0.3,0.25,20,1.29,1.5,full,2015-07-13,2026-05-15,2728,0.3271085415361603,0.22590060253976632,1.3664055973480105,-0.20975617033702554,20.404793032472078,2015-07-13,2022-05-13,934,262,382,2346,0.8599706744868035,1.1918550694471102,1.5,0.0,1357,989,39
switch_1.29,0.3,0.25,20,1.29,1.5,last_10y,2016-05-09,2026-05-15,2520,0.3284006742082701,0.22702845907510685,1.3650653155388963,-0.20975617033702554,16.111610000812817,2016-05-09,2022-05-13,889,242,343,2177,0.8638888888888889,1.1928784416377256,1.5,0.0,1284,893,36
switch_1.29,0.3,0.25,20,1.29,1.5,last_5y,2021-05-11,2026-05-15,1260,0.3780304685497604,0.24631513167700028,1.425623470262181,-0.20975617033702554,3.969287229588014,2021-05-11,2022-05-13,515,125,173,1087,0.8626984126984127,1.1685478407393755,1.5,0.0,587,500,14
switch_1.29,0.3,0.25,20,1.29,1.5,last_3y,2023-05-11,2026-05-15,756,0.5266743262435603,0.25344155596755635,1.7972890038289033,-0.19027154989128692,2.5582725200145844,2023-05-11,2026-03-30,289,70,95,661,0.8743386243386243,1.1852979049920758,1.5,0.0,373,288,9
switch_1.29,0.3,0.25,20,1.29,1.5,last_1y,2025-05-15,2026-05-15,252,0.9155889791398828,0.2682938206134481,2.5628957319621555,-0.1902715498912868,0.9155889791398828,2025-05-15,2026-03-30,120,18,36,216,0.8571428571428571,1.094763814279368,1.5,0.0,120,96,7
switch_1.30,0.3,0.25,20,1.3,1.5,full,2015-07-13,2026-05-15,2728,0.3271085415361603,0.22590060253976632,1.3664055973480105,-0.20975617033702554,20.404793032472078,2015-07-13,2022-05-13,934,262,382,2346,0.8599706744868035,1.1918550694471102,1.5,0.0,1357,989,39
switch_1.30,0.3,0.25,20,1.3,1.5,last_10y,2016-05-09,2026-05-15,2520,0.3284006742082701,0.22702845907510685,1.3650653155388963,-0.20975617033702554,16.111610000812817,2016-05-09,2022-05-13,889,242,343,2177,0.8638888888888889,1.1928784416377256,1.5,0.0,1284,893,36
switch_1.30,0.3,0.25,20,1.3,1.5,last_5y,2021-05-11,2026-05-15,1260,0.3780304685497604,0.24631513167700028,1.425623470262181,-0.20975617033702554,3.969287229588014,2021-05-11,2022-05-13,515,125,173,1087,0.8626984126984127,1.1685478407393755,1.5,0.0,587,500,14
switch_1.30,0.3,0.25,20,1.3,1.5,last_3y,2023-05-11,2026-05-15,756,0.5266743262435603,0.25344155596755635,1.7972890038289033,-0.19027154989128692,2.5582725200145844,2023-05-11,2026-03-30,289,70,95,661,0.8743386243386243,1.1852979049920758,1.5,0.0,373,288,9
switch_1.30,0.3,0.25,20,1.3,1.5,last_1y,2025-05-15,2026-05-15,252,0.9155889791398828,0.2682938206134481,2.5628957319621555,-0.1902715498912868,0.9155889791398828,2025-05-15,2026-03-30,120,18,36,216,0.8571428571428571,1.094763814279368,1.5,0.0,120,96,7
switch_1.31,0.3,0.25,20,1.31,1.5,full,2015-07-13,2026-05-15,2728,0.330337329190709,0.22596977892096365,1.3768221859533174,-0.20975617033702554,20.97533138823826,2015-07-13,2022-05-13,936,262,382,2346,0.8599706744868035,1.1917140147119216,1.5,0.0,1356,990,40
switch_1.31,0.3,0.25,20,1.31,1.5,last_10y,2016-05-09,2026-05-15,2520,0.33189971917716976,0.22710291044645384,1.376288478009912,-0.20975617033702554,16.567714847029514,2016-05-09,2022-05-13,891,242,343,2177,0.8638888888888889,1.1927257442894736,1.5,0.0,1283,894,37
switch_1.31,0.3,0.25,20,1.31,1.5,last_5y,2021-05-11,2026-05-15,1260,0.38529957197334186,0.24644872608976381,1.4463597607001748,-0.20975617033702554,4.101742094299761,2021-05-11,2022-05-13,517,125,173,1087,0.8626984126984127,1.168242446042872,1.5,0.0,586,501,15
switch_1.31,0.3,0.25,20,1.31,1.5,last_3y,2023-05-11,2026-05-15,756,0.5266743262435603,0.2534415559675562,1.797289003828907,-0.1902715498912867,2.5582725200145853,2023-05-11,2026-03-30,289,70,95,661,0.8743386243386243,1.1852979049920758,1.5,0.0,373,288,9
switch_1.31,0.3,0.25,20,1.31,1.5,last_1y,2025-05-15,2026-05-15,252,0.915588979139883,0.2682938206134479,2.562895731962162,-0.1902715498912867,0.915588979139883,2025-05-15,2026-03-30,120,18,36,216,0.8571428571428571,1.0947638142793674,1.5,0.0,120,96,7
switch_1.32,0.3,0.25,20,1.32,1.5,full,2015-07-13,2026-05-15,2728,0.32999639318073126,0.22601254733161585,1.3754698806110346,-0.2097561703370262,20.914441715583283,2015-07-13,2022-05-13,938,262,382,2346,0.8599706744868035,1.1917094671271333,1.5,0.0,1356,990,42
switch_1.32,0.3,0.25,20,1.32,1.5,last_10y,2016-05-09,2026-05-15,2520,0.3315302128702591,0.22714898429590116,1.374833347838514,-0.20975617033702632,16.519037883418164,2016-05-09,2022-05-13,893,242,343,2177,0.8638888888888889,1.1927208213484806,1.5,0.0,1283,894,39
switch_1.32,0.3,0.25,20,1.32,1.5,last_5y,2021-05-11,2026-05-15,1260,0.38389220598209417,0.2465357495024638,1.4418093329670227,-0.20975617033702632,4.075879658113552,2021-05-11,2022-05-13,519,125,173,1087,0.8626984126984127,1.1682326001608854,1.5,0.0,587,500,16
switch_1.32,0.3,0.25,20,1.32,1.5,last_3y,2023-05-11,2026-05-15,756,0.5240902138934644,0.2535851432390512,1.7897253598579532,-0.19403263230888856,2.5402344470816507,2023-05-11,2024-12-19,291,70,95,661,0.8743386243386243,1.1852814951887651,1.5,0.0,374,287,10
switch_1.32,0.3,0.25,20,1.32,1.5,last_1y,2025-05-15,2026-05-15,252,0.9155889791398868,0.2682938206134478,2.562895731962167,-0.1902715498912867,0.9155889791398868,2025-05-15,2026-03-30,120,18,36,216,0.8571428571428571,1.0947638142793674,1.5,0.0,120,96,7
switch_1.33,0.3,0.25,20,1.33,1.5,full,2015-07-13,2026-05-15,2728,0.3325184891023909,0.22594905494790304,1.3841874336528324,-0.2097561703370261,21.36852445297829,2015-07-13,2022-05-13,936,262,382,2346,0.8599706744868035,1.1917843728793658,1.5,0.0,1354,992,46
switch_1.33,0.3,0.25,20,1.33,1.5,last_10y,2016-05-09,2026-05-15,2520,0.33269704506578357,0.22708843181074542,1.3790008433104501,-0.2097561703370262,16.673165636808864,2016-05-09,2022-05-13,891,242,343,2177,0.8638888888888889,1.1927798924635413,1.5,0.0,1282,895,42
switch_1.33,0.3,0.25,20,1.33,1.5,last_5y,2021-05-11,2026-05-15,1260,0.38231040258253923,0.24649192558411598,1.4373750771171985,-0.2097561703370261,4.0469369772155055,2021-05-11,2022-05-13,517,125,173,1087,0.8626984126984127,1.1683507423910073,1.5,0.0,585,502,18
switch_1.33,0.3,0.25,20,1.33,1.5,last_3y,2023-05-11,2026-05-15,756,0.5240902138934638,0.25358514323905107,1.7897253598579523,-0.19403263230888934,2.5402344470816467,2023-05-11,2024-12-19,291,70,95,661,0.8743386243386243,1.1852814951887651,1.5,0.0,374,287,10
switch_1.33,0.3,0.25,20,1.33,1.5,last_1y,2025-05-15,2026-05-15,252,0.9155889791398848,0.2682938206134478,2.562895731962163,-0.1902715498912867,0.9155889791398848,2025-05-15,2026-03-30,120,18,36,216,0.8571428571428571,1.0947638142793674,1.5,0.0,120,96,7
switch_1.34,0.3,0.25,20,1.34,1.5,full,2015-07-13,2026-05-15,2728,0.3303153186794783,0.22579195698737534,1.3776590155304946,-0.20975617033702554,20.97139577592239,2015-07-13,2022-05-13,933,262,382,2346,0.8599706744868035,1.1917967623679073,1.5,0.0,1352,994,48
switch_1.34,0.3,0.25,20,1.34,1.5,last_10y,2016-05-09,2026-05-15,2520,0.334385173429975,0.22710752966237072,1.3844847635662916,-0.20975617033702554,16.898312152050547,2016-05-09,2022-05-13,891,242,343,2177,0.8638888888888889,1.1927798924635413,1.5,0.0,1281,896,43
switch_1.34,0.3,0.25,20,1.34,1.5,last_5y,2021-05-11,2026-05-15,1260,0.3858145678262419,0.2465254028710064,1.4474974889435166,-0.20975617033702554,4.1112322085518915,2021-05-11,2022-05-13,517,125,173,1087,0.8626984126984127,1.1683507423910073,1.5,0.0,584,503,19
switch_1.34,0.3,0.25,20,1.34,1.5,last_3y,2023-05-11,2026-05-15,756,0.5305349501210348,0.25363271724825015,1.8061037964409494,-0.1902715498912868,2.58533510789587,2023-05-11,2026-03-30,291,70,95,661,0.8743386243386243,1.1852814951887651,1.5,0.0,373,288,11
switch_1.34,0.3,0.25,20,1.34,1.5,last_1y,2025-05-15,2026-05-15,252,0.9155889791398852,0.2682938206134479,2.5628957319621635,-0.1902715498912867,0.9155889791398852,2025-05-15,2026-03-30,120,18,36,216,0.8571428571428571,1.0947638142793674,1.5,0.0,120,96,7
switch_1.35,0.3,0.25,20,1.35,1.5,full,2015-07-13,2026-05-15,2728,0.3251125394619987,0.2256990353389193,1.3607529042874036,-0.20975617033702554,20.05885140109519,2015-07-13,2022-05-13,933,262,382,2346,0.8599706744868035,1.1918710341395178,1.5,0.0,1351,995,49
switch_1.35,0.3,0.25,20,1.35,1.5,last_10y,2016-05-09,2026-05-15,2520,0.32873664067734487,0.2270077583476739,1.3662867607182863,-0.20975617033702554,16.154936344713185,2016-05-09,2022-05-13,891,242,343,2177,0.8638888888888889,1.1928602946036024,1.5,0.0,1280,897,44
switch_1.35,0.3,0.25,20,1.35,1.5,last_5y,2021-05-11,2026-05-15,1260,0.37410692700926584,0.24634708993805243,1.413885028267305,-0.20975617033702554,3.89894591377489,2021-05-11,2022-05-13,517,125,173,1087,0.8626984126984127,1.1685115466711296,1.5,0.0,583,504,20
switch_1.35,0.3,0.25,20,1.35,1.5,last_3y,2023-05-11,2026-05-15,756,0.5305349501210346,0.2536327172482501,1.8061037964409459,-0.19027154989128692,2.585335107895868,2023-05-11,2026-03-30,291,70,95,661,0.8743386243386243,1.1852814951887651,1.5,0.0,373,288,11
switch_1.35,0.3,0.25,20,1.35,1.5,last_1y,2025-05-15,2026-05-15,252,0.9155889791398839,0.26829382061344803,2.5628957319621604,-0.19027154989128692,0.9155889791398839,2025-05-15,2026-03-30,120,18,36,216,0.8571428571428571,1.0947638142793674,1.5,0.0,120,96,7
switch_1.36,0.3,0.25,20,1.36,1.5,full,2015-07-13,2026-05-15,2728,0.3234730300308679,0.22571340703751736,1.355189243198601,-0.20975617033702532,19.77850080612151,2015-07-13,2022-05-13,935,262,382,2346,0.8599706744868035,1.1918271630188895,1.5,0.0,1349,997,51
switch_1.36,0.3,0.25,20,1.36,1.5,last_10y,2016-05-09,2026-05-15,2520,0.32695704350450105,0.22702329640512156,1.360298368306437,-0.2097561703370252,15.926557478298562,2016-05-09,2022-05-13,893,242,343,2177,0.8638888888888889,1.1928128023746047,1.5,0.0,1278,899,46
switch_1.36,0.3,0.25,20,1.36,1.5,last_5y,2021-05-11,2026-05-15,1260,0.3717140099725982,0.24638133146330518,1.4066392539922115,-0.2097561703370252,3.856438256347233,2021-05-11,2022-05-13,519,125,173,1087,0.8626984126984127,1.1684213170076758,1.5,0.0,582,505,21
switch_1.36,0.3,0.25,20,1.36,1.5,last_3y,2023-05-11,2026-05-15,756,0.5305349501210359,0.2536327172482504,1.806103796440951,-0.19027154989128725,2.5853351078958777,2023-05-11,2026-03-30,291,70,95,661,0.8743386243386243,1.1852814951887656,1.5,0.0,373,288,11
switch_1.36,0.3,0.25,20,1.36,1.5,last_1y,2025-05-15,2026-05-15,252,0.915588979139887,0.2682938206134482,2.5628957319621684,-0.19027154989128725,0.915588979139887,2025-05-15,2026-03-30,120,18,36,216,0.8571428571428571,1.0947638142793685,1.5,0.0,120,96,7
switch_1.37,0.3,0.25,20,1.37,1.5,full,2015-07-13,2026-05-15,2728,0.3287305140808474,0.22577399714009372,1.3724663452333652,-0.20975617033702532,20.68969868115274,2015-07-13,2022-05-13,933,260,382,2346,0.8599706744868035,1.1918271630188895,1.5,0.0,1357,989,55
switch_1.37,0.3,0.25,20,1.37,1.5,last_10y,2016-05-09,2026-05-15,2520,0.332664395594809,0.22708827501386358,1.378895465790475,-0.20975617033702543,16.668836401582375,2016-05-09,2022-05-13,891,240,343,2177,0.8638888888888889,1.1928128023746047,1.5,0.0,1286,891,50
switch_1.37,0.3,0.25,20,1.37,1.5,last_5y,2021-05-11,2026-05-15,1260,0.37171400997259796,0.24638133146330518,1.4066392539922092,-0.20975617033702543,3.8564382563472295,2021-05-11,2022-05-13,519,125,173,1087,0.8626984126984127,1.1684213170076758,1.5,0.0,582,505,21
switch_1.37,0.3,0.25,20,1.37,1.5,last_3y,2023-05-11,2026-05-15,756,0.5305349501210366,0.25363271724825037,1.806103796440952,-0.19027154989128658,2.585335107895882,2023-05-11,2026-03-30,291,70,95,661,0.8743386243386243,1.1852814951887656,1.5,0.0,373,288,11
switch_1.37,0.3,0.25,20,1.37,1.5,last_1y,2025-05-15,2026-05-15,252,0.9155889791398881,0.2682938206134482,2.5628957319621657,-0.19027154989128658,0.9155889791398881,2025-05-15,2026-03-30,120,18,36,216,0.8571428571428571,1.0947638142793685,1.5,0.0,120,96,7
switch_1.38,0.3,0.25,20,1.38,1.5,full,2015-07-13,2026-05-15,2728,0.3287305140808474,0.22577399714009372,1.3724663452333652,-0.20975617033702532,20.68969868115274,2015-07-13,2022-05-13,933,260,382,2346,0.8599706744868035,1.1918271630188895,1.5,0.0,1357,989,55
switch_1.38,0.3,0.25,20,1.38,1.5,last_10y,2016-05-09,2026-05-15,2520,0.332664395594809,0.22708827501386358,1.378895465790475,-0.20975617033702543,16.668836401582375,2016-05-09,2022-05-13,891,240,343,2177,0.8638888888888889,1.1928128023746047,1.5,0.0,1286,891,50
switch_1.38,0.3,0.25,20,1.38,1.5,last_5y,2021-05-11,2026-05-15,1260,0.37171400997259796,0.24638133146330518,1.4066392539922092,-0.20975617033702543,3.8564382563472295,2021-05-11,2022-05-13,519,125,173,1087,0.8626984126984127,1.1684213170076758,1.5,0.0,582,505,21
switch_1.38,0.3,0.25,20,1.38,1.5,last_3y,2023-05-11,2026-05-15,756,0.5305349501210366,0.25363271724825037,1.806103796440952,-0.19027154989128658,2.585335107895882,2023-05-11,2026-03-30,291,70,95,661,0.8743386243386243,1.1852814951887656,1.5,0.0,373,288,11
switch_1.38,0.3,0.25,20,1.38,1.5,last_1y,2025-05-15,2026-05-15,252,0.9155889791398881,0.2682938206134482,2.5628957319621657,-0.19027154989128658,0.9155889791398881,2025-05-15,2026-03-30,120,18,36,216,0.8571428571428571,1.0947638142793685,1.5,0.0,120,96,7
switch_1.39,0.3,0.25,20,1.39,1.5,full,2015-07-13,2026-05-15,2728,0.329902867714186,0.2257756406391623,1.3763686654205372,-0.2097561703370252,20.897765264662386,2015-07-13,2022-05-13,933,260,382,2346,0.8599706744868035,1.1917485545883577,1.5,0.0,1357,989,57
switch_1.39,0.3,0.25,20,1.39,1.5,last_10y,2016-05-09,2026-05-15,2520,0.3339373186561805,0.2270899887252189,1.3830957792252947,-0.20975617033702532,16.838331353020433,2016-05-09,2022-05-13,891,240,343,2177,0.8638888888888889,1.192727705629172,1.5,0.0,1286,891,52
switch_1.39,0.3,0.25,20,1.39,1.5,last_5y,2021-05-11,2026-05-15,1260,0.3717140099725975,0.24638133146330501,1.4066392539922101,-0.20975617033702543,3.8564382563472233,2021-05-11,2022-05-13,519,125,173,1087,0.8626984126984127,1.1684213170076756,1.5,0.0,582,505,21
switch_1.39,0.3,0.25,20,1.39,1.5,last_3y,2023-05-11,2026-05-15,756,0.5305349501210355,0.2536327172482502,1.806103796440951,-0.1902715498912867,2.585335107895874,2023-05-11,2026-03-30,291,70,95,661,0.8743386243386243,1.1852814951887656,1.5,0.0,373,288,11
switch_1.39,0.3,0.25,20,1.39,1.5,last_1y,2025-05-15,2026-05-15,252,0.9155889791398872,0.268293820613448,2.5628957319621706,-0.19027154989128658,0.9155889791398872,2025-05-15,2026-03-30,120,18,36,216,0.8571428571428571,1.094763814279368,1.5,0.0,120,96,7
switch_1.40,0.3,0.25,20,1.4,1.5,full,2015-07-13,2026-05-15,2728,0.3328041087234068,0.2258501959967819,1.3856484201859507,-0.20975617033702543,21.42048256037317,2015-07-13,2022-05-13,933,260,382,2346,0.8599706744868035,1.1917485545883577,1.5,0.0,1356,990,58
switch_1.40,0.3,0.25,20,1.4,1.5,last_10y,2016-05-09,2026-05-15,2520,0.33708783839958967,0.2271700873164598,1.3930844421982103,-0.20975617033702543,17.26414669135046,2016-05-09,2022-05-13,891,240,343,2177,0.8638888888888889,1.192727705629172,1.5,0.0,1285,892,53
switch_1.40,0.3,0.25,20,1.4,1.5,last_5y,2021-05-11,2026-05-15,1260,0.37171400997259685,0.2463813314633051,1.4066392539922075,-0.20975617033702543,3.8564382563472126,2021-05-11,2022-05-13,519,125,173,1087,0.8626984126984127,1.1684213170076756,1.5,0.0,582,505,21
switch_1.40,0.3,0.25,20,1.4,1.5,last_3y,2023-05-11,2026-05-15,756,0.5305349501210344,0.2536327172482501,1.8061037964409477,-0.1902715498912867,2.585335107895866,2023-05-11,2026-03-30,291,70,95,661,0.8743386243386243,1.1852814951887656,1.5,0.0,373,288,11
switch_1.40,0.3,0.25,20,1.4,1.5,last_1y,2025-05-15,2026-05-15,252,0.9155889791398846,0.26829382061344803,2.5628957319621635,-0.19027154989128658,0.9155889791398846,2025-05-15,2026-03-30,120,18,36,216,0.8571428571428571,1.094763814279368,1.5,0.0,120,96,7
switch_1.41,0.3,0.25,20,1.41,1.5,full,2015-07-13,2026-05-15,2728,0.330976312782187,0.22584003871934077,1.379616625959381,-0.20975617033702498,21.089864803066163,2015-07-13,2022-05-13,933,260,382,2346,0.8599706744868035,1.1917485545883577,1.5,0.0,1355,991,59
switch_1.41,0.3,0.25,20,1.41,1.5,last_10y,2016-05-09,2026-05-15,2520,0.3351029295923169,0.22715924561829465,1.3865921217594974,-0.20975617033702498,16.994819249268858,2016-05-09,2022-05-13,891,240,343,2177,0.8638888888888889,1.192727705629172,1.5,0.0,1284,893,54
switch_1.41,0.3,0.25,20,1.41,1.5,last_5y,2021-05-11,2026-05-15,1260,0.3717140099725982,0.2463813314633051,1.4066392539922112,-0.20975617033702498,3.856438256347233,2021-05-11,2022-05-13,519,125,173,1087,0.8626984126984127,1.1684213170076756,1.5,0.0,582,505,21
switch_1.41,0.3,0.25,20,1.41,1.5,last_3y,2023-05-11,2026-05-15,756,0.5305349501210359,0.25363271724825026,1.8061037964409523,-0.19027154989128692,2.5853351078958777,2023-05-11,2026-03-30,291,70,95,661,0.8743386243386243,1.1852814951887656,1.5,0.0,373,288,11
switch_1.41,0.3,0.25,20,1.41,1.5,last_1y,2025-05-15,2026-05-15,252,0.9155889791398859,0.2682938206134482,2.5628957319621644,-0.19027154989128692,0.9155889791398859,2025-05-15,2026-03-30,120,18,36,216,0.8571428571428571,1.094763814279368,1.5,0.0,120,96,7
switch_1.42,0.3,0.25,20,1.42,1.5,full,2015-07-13,2026-05-15,2728,0.330976312782187,0.22584003871934077,1.379616625959381,-0.20975617033702498,21.089864803066163,2015-07-13,2022-05-13,933,260,382,2346,0.8599706744868035,1.1917485545883577,1.5,0.0,1355,991,59
switch_1.42,0.3,0.25,20,1.42,1.5,last_10y,2016-05-09,2026-05-15,2520,0.3351029295923169,0.22715924561829465,1.3865921217594974,-0.20975617033702498,16.994819249268858,2016-05-09,2022-05-13,891,240,343,2177,0.8638888888888889,1.192727705629172,1.5,0.0,1284,893,54
switch_1.42,0.3,0.25,20,1.42,1.5,last_5y,2021-05-11,2026-05-15,1260,0.3717140099725982,0.2463813314633051,1.4066392539922112,-0.20975617033702498,3.856438256347233,2021-05-11,2022-05-13,519,125,173,1087,0.8626984126984127,1.1684213170076756,1.5,0.0,582,505,21
switch_1.42,0.3,0.25,20,1.42,1.5,last_3y,2023-05-11,2026-05-15,756,0.5305349501210359,0.25363271724825026,1.8061037964409523,-0.19027154989128692,2.5853351078958777,2023-05-11,2026-03-30,291,70,95,661,0.8743386243386243,1.1852814951887656,1.5,0.0,373,288,11
switch_1.42,0.3,0.25,20,1.42,1.5,last_1y,2025-05-15,2026-05-15,252,0.9155889791398859,0.2682938206134482,2.5628957319621644,-0.19027154989128692,0.9155889791398859,2025-05-15,2026-03-30,120,18,36,216,0.8571428571428571,1.094763814279368,1.5,0.0,120,96,7
switch_1.43,0.3,0.25,20,1.43,1.5,full,2015-07-13,2026-05-15,2728,0.3401688159547154,0.2255085642086292,1.4118581774008423,-0.20406939087643194,22.79863984630365,2015-07-13,2022-05-13,931,258,382,2346,0.8599706744868035,1.1919449377380726,1.5,0.0,1353,993,61
switch_1.43,0.3,0.25,20,1.43,1.5,last_10y,2016-05-09,2026-05-15,2520,0.3450878715910153,0.22680200119947153,1.4212971486583261,-0.20406939087643194,18.386819531518302,2016-05-09,2022-05-13,889,238,343,2177,0.8638888888888889,1.1929402981817203,1.5,0.0,1282,895,56
switch_1.43,0.3,0.25,20,1.43,1.5,last_5y,2021-05-11,2026-05-15,1260,0.39230822937956367,0.24571381677171011,1.4704964154871163,-0.20406939087643194,4.232111016930089,2021-05-11,2022-05-13,517,123,173,1087,0.8626984126984127,1.1688465021127723,1.5,0.0,580,507,23
switch_1.43,0.3,0.25,20,1.43,1.5,last_3y,2023-05-11,2026-05-15,756,0.5305349501210359,0.25363271724825037,1.806103796440952,-0.19027154989128692,2.5853351078958777,2023-05-11,2026-03-30,291,70,95,661,0.8743386243386243,1.185281495188766,1.5,0.0,373,288,11
switch_1.43,0.3,0.25,20,1.43,1.5,last_1y,2025-05-15,2026-05-15,252,0.9155889791398883,0.26829382061344825,2.5628957319621675,-0.1902715498912868,0.9155889791398883,2025-05-15,2026-03-30,120,18,36,216,0.8571428571428571,1.0947638142793688,1.5,0.0,120,96,7
switch_1.44,0.3,0.25,20,1.44,1.5,full,2015-07-13,2026-05-15,2728,0.34375699614673727,0.2256260369854202,1.423103520590402,-0.20406939087643172,23.4975647304985,2015-07-13,2022-05-13,939,258,382,2346,0.8599706744868035,1.1917730743746795,1.5,0.0,1351,995,63
switch_1.44,0.3,0.25,20,1.44,1.5,last_10y,2016-05-09,2026-05-15,2520,0.3484319486094769,0.22694093377483804,1.431518532095756,-0.20406939087643172,18.87423120239426,2016-05-09,2022-05-13,897,238,343,2177,0.8638888888888889,1.1927344556991348,1.5,0.0,1281,896,57
switch_1.44,0.3,0.25,20,1.44,1.5,last_5y,2021-05-11,2026-05-15,1260,0.39923978198344234,0.24596697313166938,1.489450033408801,-0.20406939087643183,4.3636535821674745,2021-05-11,2022-05-13,525,123,173,1087,0.8626984126984127,1.1684348171476016,1.5,0.0,579,508,24
switch_1.44,0.3,0.25,20,1.44,1.5,last_3y,2023-05-11,2026-05-15,756,0.5305349501210348,0.25363271724825,1.80610379644095,-0.19027154989128647,2.5853351078958693,2023-05-11,2026-03-30,291,70,95,661,0.8743386243386243,1.1852814951887647,1.5,0.0,373,288,11
switch_1.44,0.3,0.25,20,1.44,1.5,last_1y,2025-05-15,2026-05-15,252,0.9155889791398848,0.26829382061344786,2.5628957319621657,-0.19027154989128647,0.9155889791398848,2025-05-15,2026-03-30,120,18,36,216,0.8571428571428571,1.0947638142793672,1.5,0.0,120,96,7
switch_1.45,0.3,0.25,20,1.45,1.5,full,2015-07-13,2026-05-15,2728,0.3422968199615748,0.22560113334465448,1.4184104784428344,-0.2040693908764314,23.210926520263094,2015-07-13,2022-05-13,939,258,382,2346,0.8599706744868035,1.1918415078000473,1.5,0.0,1350,996,64
switch_1.45,0.3,0.25,20,1.45,1.5,last_10y,2016-05-09,2026-05-15,2520,0.34684582182639434,0.226914208078866,1.4264670531055172,-0.2040693908764314,18.64168914671121,2016-05-09,2022-05-13,897,238,343,2177,0.8638888888888889,1.1928085375977078,1.5,0.0,1280,897,58
switch_1.45,0.3,0.25,20,1.45,1.5,last_5y,2021-05-11,2026-05-15,1260,0.3992397819834428,0.2459669731316697,1.489450033408801,-0.20406939087643128,4.363653582167482,2021-05-11,2022-05-13,525,123,173,1087,0.8626984126984127,1.1684348171476022,1.5,0.0,579,508,24
switch_1.45,0.3,0.25,20,1.45,1.5,last_3y,2023-05-11,2026-05-15,756,0.5305349501210348,0.25363271724825026,1.806103796440948,-0.19027154989128703,2.5853351078958697,2023-05-11,2026-03-30,291,70,95,661,0.8743386243386243,1.1852814951887654,1.5,0.0,373,288,11
switch_1.45,0.3,0.25,20,1.45,1.5,last_1y,2025-05-15,2026-05-15,252,0.9155889791398855,0.2682938206134481,2.562895731962162,-0.19027154989128692,0.9155889791398855,2025-05-15,2026-03-30,120,18,36,216,0.8571428571428571,1.094763814279368,1.5,0.0,120,96,7
switch_1.46,0.3,0.25,20,1.46,1.5,full,2015-07-13,2026-05-15,2728,0.3422968199615748,0.22560113334465448,1.4184104784428344,-0.2040693908764314,23.210926520263094,2015-07-13,2022-05-13,939,258,382,2346,0.8599706744868035,1.1918415078000473,1.5,0.0,1350,996,64
switch_1.46,0.3,0.25,20,1.46,1.5,last_10y,2016-05-09,2026-05-15,2520,0.34684582182639434,0.226914208078866,1.4264670531055172,-0.2040693908764314,18.64168914671121,2016-05-09,2022-05-13,897,238,343,2177,0.8638888888888889,1.1928085375977078,1.5,0.0,1280,897,58
switch_1.46,0.3,0.25,20,1.46,1.5,last_5y,2021-05-11,2026-05-15,1260,0.3992397819834428,0.2459669731316697,1.489450033408801,-0.20406939087643128,4.363653582167482,2021-05-11,2022-05-13,525,123,173,1087,0.8626984126984127,1.1684348171476022,1.5,0.0,579,508,24
switch_1.46,0.3,0.25,20,1.46,1.5,last_3y,2023-05-11,2026-05-15,756,0.5305349501210348,0.25363271724825026,1.806103796440948,-0.19027154989128703,2.5853351078958697,2023-05-11,2026-03-30,291,70,95,661,0.8743386243386243,1.1852814951887654,1.5,0.0,373,288,11
switch_1.46,0.3,0.25,20,1.46,1.5,last_1y,2025-05-15,2026-05-15,252,0.9155889791398855,0.2682938206134481,2.562895731962162,-0.19027154989128692,0.9155889791398855,2025-05-15,2026-03-30,120,18,36,216,0.8571428571428571,1.094763814279368,1.5,0.0,120,96,7
switch_1.47,0.3,0.25,20,1.47,1.5,full,2015-07-13,2026-05-15,2728,0.3442080781201122,0.22566877411261504,1.4243650622882087,-0.2040693908764314,23.586734531418355,2015-07-13,2022-05-13,939,258,382,2346,0.8599706744868035,1.1918415078000473,1.5,0.0,1352,994,66
switch_1.47,0.3,0.25,20,1.47,1.5,last_10y,2016-05-09,2026-05-15,2520,0.34892196838638534,0.22698690523206125,1.4328764043079014,-0.2040693908764314,18.946572321164545,2016-05-09,2022-05-13,897,238,343,2177,0.8638888888888889,1.1928085375977078,1.5,0.0,1282,895,60
switch_1.47,0.3,0.25,20,1.47,1.5,last_5y,2021-05-11,2026-05-15,1260,0.40355692926898157,0.24609890620076116,1.5013174980255495,-0.2040693908764314,4.446909544451815,2021-05-11,2022-05-13,525,123,173,1087,0.8626984126984127,1.1684348171476022,1.5,0.0,581,506,26
switch_1.47,0.3,0.25,20,1.47,1.5,last_3y,2023-05-11,2026-05-15,756,0.5384134401615706,0.2538383931217987,1.8251066651198427,-0.19027154989128692,2.640987569403097,2023-05-11,2026-03-30,291,70,95,661,0.8743386243386243,1.1852814951887654,1.5,0.0,375,286,13
switch_1.47,0.3,0.25,20,1.47,1.5,last_1y,2025-05-15,2026-05-15,252,0.9155889791398844,0.26829382061344814,2.562895731962159,-0.1902715498912868,0.9155889791398844,2025-05-15,2026-03-30,120,18,36,216,0.8571428571428571,1.094763814279368,1.5,0.0,120,96,7
switch_1.48,0.3,0.25,20,1.48,1.5,full,2015-07-13,2026-05-15,2728,0.3422306002094986,0.22568174578211944,1.4177647232879658,-0.2040693908764316,23.197999781526384,2015-07-13,2022-05-13,939,258,382,2346,0.8599706744868035,1.1918206015254482,1.5,0.0,1351,995,67
switch_1.48,0.3,0.25,20,1.48,1.5,last_10y,2016-05-09,2026-05-15,2520,0.3489219683863862,0.2269869052320614,1.4328764043079019,-0.2040693908764315,18.946572321164673,2016-05-09,2022-05-13,897,238,343,2177,0.8638888888888889,1.1928085375977078,1.5,0.0,1282,895,60
switch_1.48,0.3,0.25,20,1.48,1.5,last_5y,2021-05-11,2026-05-15,1260,0.4035569292689827,0.24609890620076144,1.5013174980255506,-0.2040693908764316,4.446909544451835,2021-05-11,2022-05-13,525,123,173,1087,0.8626984126984127,1.1684348171476029,1.5,0.0,581,506,26
switch_1.48,0.3,0.25,20,1.48,1.5,last_3y,2023-05-11,2026-05-15,756,0.5384134401615714,0.25383839312179884,1.8251066651198427,-0.1902715498912867,2.6409875694031038,2023-05-11,2026-03-30,291,70,95,661,0.8743386243386243,1.185281495188766,1.5,0.0,375,286,13
switch_1.48,0.3,0.25,20,1.48,1.5,last_1y,2025-05-15,2026-05-15,252,0.9155889791398872,0.26829382061344825,2.5628957319621644,-0.1902715498912867,0.9155889791398872,2025-05-15,2026-03-30,120,18,36,216,0.8571428571428571,1.0947638142793688,1.5,0.0,120,96,7
switch_1.49,0.3,0.25,20,1.49,1.5,full,2015-07-13,2026-05-15,2728,0.3410950895814213,0.22581839816274502,1.4132903318968457,-0.20406939087643194,22.977309534980304,2015-07-13,2022-05-13,939,258,382,2346,0.8599706744868035,1.1923561527035285,1.5,0.0,1350,996,68
switch_1.49,0.3,0.25,20,1.49,1.5,last_10y,2016-05-09,2026-05-15,2520,0.34768664815658523,0.22713406417957183,1.4280557873215576,-0.20406939087643183,18.764655881663415,2016-05-09,2022-05-13,897,238,343,2177,0.8638888888888889,1.1933882930000104,1.5,0.0,1281,896,61
switch_1.49,0.3,0.25,20,1.49,1.5,last_5y,2021-05-11,2026-05-15,1260,0.4035569292689818,0.24609890620076139,1.501317498025549,-0.20406939087643183,4.4469095444518185,2021-05-11,2022-05-13,525,123,173,1087,0.8626984126984127,1.1684348171476027,1.5,0.0,581,506,26
switch_1.49,0.3,0.25,20,1.49,1.5,last_3y,2023-05-11,2026-05-15,756,0.5384134401615706,0.2538383931217989,1.8251066651198404,-0.19027154989128658,2.6409875694030975,2023-05-11,2026-03-30,291,70,95,661,0.8743386243386243,1.1852814951887656,1.5,0.0,375,286,13
switch_1.49,0.3,0.25,20,1.49,1.5,last_1y,2025-05-15,2026-05-15,252,0.9155889791398877,0.2682938206134482,2.5628957319621706,-0.19027154989128658,0.9155889791398877,2025-05-15,2026-03-30,120,18,36,216,0.8571428571428571,1.0947638142793685,1.5,0.0,120,96,7
switch_1.50,0.3,0.25,20,1.5,1.5,full,2015-07-13,2026-05-15,2728,0.3424850006503861,0.22583039281495815,1.4178198942643059,-0.20406939087643128,23.247695438914423,2015-07-13,2022-05-13,939,258,382,2346,0.8599706744868035,1.1923561527035285,1.5,0.0,1351,995,69
switch_1.50,0.3,0.25,20,1.5,1.5,last_10y,2016-05-09,2026-05-15,2520,0.3491987420571292,0.22714687026398092,1.4329310782682523,-0.20406939087643128,18.987536782404757,2016-05-09,2022-05-13,897,238,343,2177,0.8638888888888889,1.1933882930000106,1.5,0.0,1282,895,62
switch_1.50,0.3,0.25,20,1.5,1.5,last_5y,2021-05-11,2026-05-15,1260,0.40355692926898223,0.24609890620076136,1.5013174980255493,-0.20406939087643128,4.446909544451828,2021-05-11,2022-05-13,525,123,173,1087,0.8626984126984127,1.1684348171476027,1.5,0.0,581,506,26
switch_1.50,0.3,0.25,20,1.5,1.5,last_3y,2023-05-11,2026-05-15,756,0.538413440161571,0.25383839312179896,1.825106665119839,-0.1902715498912867,2.6409875694030998,2023-05-11,2026-03-30,291,70,95,661,0.8743386243386243,1.1852814951887656,1.5,0.0,375,286,13
switch_1.50,0.3,0.25,20,1.5,1.5,last_1y,2025-05-15,2026-05-15,252,0.9155889791398883,0.2682938206134484,2.5628957319621644,-0.1902715498912867,0.9155889791398883,2025-05-15,2026-03-30,120,18,36,216,0.8571428571428571,1.0947638142793685,1.5,0.0,120,96,7
switch_1.60,0.3,0.25,20,1.6,1.5,full,2015-07-13,2026-05-15,2728,0.3429050980563262,0.22587991345046204,1.4189498496767474,-0.20406939087643194,23.32996185860185,2015-07-13,2022-05-13,940,258,382,2346,0.8599706744868035,1.1924598605618275,1.5,0.0,1338,1008,84
switch_1.60,0.3,0.25,20,1.6,1.5,last_10y,2016-05-09,2026-05-15,2520,0.3496557943779941,0.22720013452188792,1.4341457947000906,-0.20406939087643194,19.05534953985224,2016-05-09,2022-05-13,898,238,343,2177,0.8638888888888889,1.1935005608720106,1.5,0.0,1269,908,77
switch_1.60,0.3,0.25,20,1.6,1.5,last_5y,2021-05-11,2026-05-15,1260,0.40376807985356433,0.24617749735985292,1.5015375384523513,-0.20406939087643183,4.451007932658393,2021-05-11,2022-05-13,526,123,173,1087,0.8626984126984127,1.1686593528916027,1.5,0.0,568,519,39
switch_1.60,0.3,0.25,20,1.6,1.5,last_3y,2023-05-11,2026-05-15,756,0.5444062460757861,0.25381153802448597,1.84061992940492,-0.19027154989128692,2.6837033424479904,2023-05-11,2026-03-30,291,70,95,661,0.8743386243386243,1.1855645303417846,1.5,0.0,374,287,14
switch_1.60,0.3,0.25,20,1.6,1.5,last_1y,2025-05-15,2026-05-15,252,0.9155889791398875,0.26829382061344814,2.5628957319621684,-0.19027154989128692,0.9155889791398875,2025-05-15,2026-03-30,120,18,36,216,0.8571428571428571,1.094763814279368,1.5,0.0,120,96,7
switch_1.70,0.3,0.25,20,1.7,1.5,full,2015-07-13,2026-05-15,2728,0.3264912732325791,0.22567778726513926,1.3654684846883955,-0.20406939087643172,20.297262883245935,2015-07-13,2022-05-13,941,258,382,2346,0.8599706744868035,1.1924046622023563,1.5,0.0,1320,1026,100
switch_1.70,0.3,0.25,20,1.7,1.5,last_10y,2016-05-09,2026-05-15,2520,0.34012262853375796,0.22728166195823749,1.4024858606135069,-0.20406939087643172,17.682947997637818,2016-05-09,2022-05-13,897,238,343,2177,0.8638888888888889,1.1935505183706865,1.5,0.0,1254,923,90
switch_1.70,0.3,0.25,20,1.7,1.5,last_5y,2021-05-11,2026-05-15,1260,0.40100482707732854,0.24614899835340284,1.4936670600928523,-0.20406939087643172,4.39756844394304,2021-05-11,2022-05-13,525,123,173,1087,0.8626984126984127,1.1688014580140054,1.5,0.0,564,523,43
switch_1.70,0.3,0.25,20,1.7,1.5,last_3y,2023-05-11,2026-05-15,756,0.5393427505287036,0.25377046564512323,1.8279132792974015,-0.19027154989128714,2.6475897969108324,2023-05-11,2026-03-30,290,70,95,661,0.8743386243386243,1.1858013722124552,1.5,0.0,370,291,18
switch_1.70,0.3,0.25,20,1.7,1.5,last_1y,2025-05-15,2026-05-15,252,0.915588979139889,0.26829382061344853,2.5628957319621724,-0.19027154989128714,0.915588979139889,2025-05-15,2026-03-30,120,18,36,216,0.8571428571428571,1.0947638142793685,1.5,0.0,120,96,7
switch_1.80,0.3,0.25,20,1.8,1.5,full,2015-07-13,2026-05-15,2728,0.3426851693955255,0.22514890422004769,1.422093869286277,-0.20406939087643172,23.28686234452476,2015-07-13,2022-05-13,928,252,382,2346,0.8599706744868035,1.1930375593980433,1.5,0.0,1317,1029,111
switch_1.80,0.3,0.25,20,1.8,1.5,last_10y,2016-05-09,2026-05-15,2520,0.36028979153126395,0.22665164765107682,1.4717245553744387,-0.2040693908764316,20.69273887672723,2016-05-09,2022-05-13,884,232,343,2177,0.8638888888888889,1.194293726943634,1.5,0.0,1252,925,100
switch_1.80,0.3,0.25,20,1.8,1.5,last_5y,2021-05-11,2026-05-15,1260,0.4383632443579222,0.24495897017111018,1.6072965250517854,-0.20406939087643172,5.156627576768829,2021-05-11,2022-05-13,512,117,173,1087,0.8626984126984127,1.1701159100391023,1.5,0.0,561,526,50
switch_1.80,0.3,0.25,20,1.8,1.5,last_3y,2023-05-11,2026-05-15,756,0.5875980696142773,0.25247346952343225,1.958463669009148,-0.19027154989128692,3.0014895449340653,2023-05-11,2026-03-30,287,66,95,661,0.8743386243386243,1.1871527000894155,1.5,0.0,370,291,22
switch_1.80,0.3,0.25,20,1.8,1.5,last_1y,2025-05-15,2026-05-15,252,0.9155889791398892,0.26829382061344836,2.5628957319621666,-0.1902715498912868,0.9155889791398892,2025-05-15,2026-03-30,120,18,36,216,0.8571428571428571,1.0947638142793688,1.5,0.0,120,96,7
switch_1.90,0.3,0.25,20,1.9,1.5,full,2015-07-13,2026-05-15,2728,0.34493737259917556,0.22508536195787154,1.4298893728312316,-0.20406939087643183,23.731524661961426,2015-07-13,2022-05-13,928,252,382,2346,0.8599706744868035,1.1926008199526716,1.5,0.0,1315,1031,117
switch_1.90,0.3,0.25,20,1.9,1.5,last_10y,2016-05-09,2026-05-15,2520,0.3627600289258972,0.22658289150632546,1.4801225892838334,-0.20406939087643183,21.089906011931443,2016-05-09,2022-05-13,884,232,343,2177,0.8638888888888889,1.193820939163089,1.5,0.0,1250,927,106
switch_1.90,0.3,0.25,20,1.9,1.5,last_5y,2021-05-11,2026-05-15,1260,0.4418789462359636,0.24481848643386836,1.6180699679112436,-0.20406939087643194,5.232237602846151,2021-05-11,2022-05-13,512,117,173,1087,0.8626984126984127,1.168982271023135,1.5,0.0,561,526,52
switch_1.90,0.3,0.25,20,1.9,1.5,last_3y,2023-05-11,2026-05-15,756,0.5940707829858249,0.25223984062950683,1.9762131197277268,-0.19027154989128725,3.0506321518349946,2023-05-11,2026-03-30,287,66,95,661,0.8743386243386243,1.1852633017294698,1.5,0.0,370,291,24
switch_1.90,0.3,0.25,20,1.9,1.5,last_1y,2025-05-15,2026-05-15,252,0.9120713007495946,0.2678279480531937,2.5600114435489836,-0.19027154989128725,0.9120713007495946,2025-05-15,2026-03-30,120,18,36,216,0.8571428571428571,1.0901631139800132,1.5,0.0,120,96,7
switch_2.00,0.3,0.25,20,2.0,1.5,full,2015-07-13,2026-05-15,2728,0.34333074684602427,0.22514143112770518,1.4242746002735214,-0.2040693908764316,23.413573681623518,2015-07-13,2022-05-13,927,252,382,2346,0.8599706744868035,1.192615839211141,1.5,0.0,1311,1035,125
switch_2.00,0.3,0.25,20,2.0,1.5,last_10y,2016-05-09,2026-05-15,2520,0.36099783193470913,0.226643489308778,1.4740718535579314,-0.2040693908764315,20.805915947911313,2016-05-09,2022-05-13,883,232,343,2177,0.8638888888888889,1.193837198106384,1.5,0.0,1246,931,114
switch_2.00,0.3,0.25,20,2.0,1.5,last_5y,2021-05-11,2026-05-15,1260,0.44252850972527735,0.244808960531286,1.6199660031818615,-0.2040693908764315,5.246288307656624,2021-05-11,2022-05-13,511,117,173,1087,0.8626984126984127,1.1690147889097262,1.5,0.0,562,525,53
switch_2.00,0.3,0.25,20,2.0,1.5,last_3y,2023-05-11,2026-05-15,756,0.5952678387029751,0.25222322499161975,1.979308621551633,-0.19027154989128636,3.0597643833524995,2023-05-11,2026-03-30,286,66,95,661,0.8743386243386243,1.185317498207123,1.5,0.0,371,290,25
switch_2.00,0.3,0.25,20,2.0,1.5,last_1y,2025-05-15,2026-05-15,252,0.9120713007495913,0.26782794805319277,2.5600114435489845,-0.19027154989128636,0.9120713007495913,2025-05-15,2026-03-30,120,18,36,216,0.8571428571428571,1.0901631139800116,1.5,0.0,120,96,7
switch_2.10,0.3,0.25,20,2.1,1.5,full,2015-07-13,2026-05-15,2728,0.34598325540749175,0.22539193321046008,1.4317010345992276,-0.20406939087643117,23.94051944880788,2015-07-13,2022-05-13,932,250,382,2346,0.8599706744868035,1.1922126030661226,1.5,0.0,1315,1031,141
switch_2.10,0.3,0.25,20,2.1,1.5,last_10y,2016-05-09,2026-05-15,2520,0.36390727903846654,0.22691234098861846,1.4820129994616322,-0.20406939087643117,21.27657768953826,2016-05-09,2022-05-13,888,230,343,2177,0.8638888888888889,1.1934006789779676,1.5,0.0,1250,927,130
switch_2.10,0.3,0.25,20,2.1,1.5,last_5y,2021-05-11,2026-05-15,1260,0.436500542926368,0.2449456118267029,1.6020779600923405,-0.20406939087643117,5.116866080023894,2021-05-11,2022-05-13,511,117,173,1087,0.8626984126984127,1.169014788909726,1.5,0.0,561,526,54
switch_2.10,0.3,0.25,20,2.1,1.5,last_3y,2023-05-11,2026-05-15,756,0.5952678387029755,0.2522232249916198,1.9793086215516316,-0.1902715498912867,3.059764383352503,2023-05-11,2026-03-30,286,66,95,661,0.8743386243386243,1.185317498207123,1.5,0.0,371,290,25
switch_2.10,0.3,0.25,20,2.1,1.5,last_1y,2025-05-15,2026-05-15,252,0.9120713007495909,0.2678279480531929,2.560011443548984,-0.1902715498912867,0.9120713007495909,2025-05-15,2026-03-30,120,18,36,216,0.8571428571428571,1.0901631139800116,1.5,0.0,120,96,7
switch_2.20,0.3,0.25,20,2.2,1.5,full,2015-07-13,2026-05-15,2728,0.3385350751750664,0.22558634155691862,1.4060373290918964,-0.20406939087643172,22.48644896148608,2015-07-13,2022-05-13,932,250,382,2346,0.8599706744868035,1.1922970988560788,1.5,0.0,1314,1032,144
switch_2.20,0.3,0.25,20,2.2,1.5,last_10y,2016-05-09,2026-05-15,2520,0.3557388257091292,0.22712277266281053,1.4543724891672918,-0.2040693908764316,19.977819087361773,2016-05-09,2022-05-13,888,230,343,2177,0.8638888888888889,1.1934921490236026,1.5,0.0,1249,928,133
switch_2.20,0.3,0.25,20,2.2,1.5,last_5y,2021-05-11,2026-05-15,1260,0.4350870172165311,0.24489957002081197,1.5983074721604356,-0.20406939087643183,5.086830072993826,2021-05-11,2022-05-13,511,117,173,1087,0.8626984126984127,1.1690147889097262,1.5,0.0,560,527,55
switch_2.20,0.3,0.25,20,2.2,1.5,last_3y,2023-05-11,2026-05-15,756,0.5952678387029746,0.2522232249916197,1.9793086215516293,-0.19027154989128592,3.059764383352496,2023-05-11,2026-03-30,286,66,95,661,0.8743386243386243,1.1853174982071228,1.5,0.0,371,290,25
switch_2.20,0.3,0.25,20,2.2,1.5,last_1y,2025-05-15,2026-05-15,252,0.9120713007495895,0.2678279480531925,2.5600114435489854,-0.19027154989128592,0.9120713007495895,2025-05-15,2026-03-30,120,18,36,216,0.8571428571428571,1.090163113980011,1.5,0.0,120,96,7
switch_2.30,0.3,0.25,20,2.3,1.5,full,2015-07-13,2026-05-15,2728,0.33688463098017407,0.22561619271168726,1.4004059915583857,-0.20406939087643172,22.174844889620964,2015-07-13,2022-05-13,932,250,382,2346,0.8599706744868035,1.192297645666952,1.5,0.0,1313,1033,147
switch_2.30,0.3,0.25,20,2.3,1.5,last_10y,2016-05-09,2026-05-15,2520,0.35374789858446753,0.22715577515247853,1.4477164093687573,-0.20406939087643172,19.671783829822402,2016-05-09,2022-05-13,888,230,343,2177,0.8638888888888889,1.1934921490236023,1.5,0.0,1249,928,135
switch_2.30,0.3,0.25,20,2.3,1.5,last_5y,2021-05-11,2026-05-15,1260,0.4305383887415164,0.24496074739416782,1.5849901956272068,-0.20406939087643172,4.990976048575159,2021-05-11,2022-05-13,511,117,173,1087,0.8626984126984127,1.1690147889097262,1.5,0.0,559,528,56
switch_2.30,0.3,0.25,20,2.3,1.5,last_3y,2023-05-11,2026-05-15,756,0.5952678387029757,0.25222322499161975,1.979308621551633,-0.19027154989128614,3.059764383352504,2023-05-11,2026-03-30,286,66,95,661,0.8743386243386243,1.1853174982071228,1.5,0.0,371,290,25
switch_2.30,0.3,0.25,20,2.3,1.5,last_1y,2025-05-15,2026-05-15,252,0.9120713007495915,0.2678279480531926,2.560011443548988,-0.19027154989128625,0.9120713007495915,2025-05-15,2026-03-30,120,18,36,216,0.8571428571428571,1.0901631139800108,1.5,0.0,120,96,7
switch_2.40,0.3,0.25,20,2.4,1.5,full,2015-07-13,2026-05-15,2728,0.3485052448765422,0.22545990921584153,1.4396295809040163,-0.20406939087643172,24.451088209070704,2015-07-13,2022-05-13,929,248,382,2346,0.8599706744868035,1.1930519130840864,1.5,0.0,1317,1029,155
switch_2.40,0.3,0.25,20,2.4,1.5,last_10y,2016-05-09,2026-05-15,2520,0.3664909112884738,0.2269855706582712,1.489933880471733,-0.2040693908764316,21.70217540602734,2016-05-09,2022-05-13,885,228,343,2177,0.8638888888888889,1.1943086734338972,1.5,0.0,1253,924,143
switch_2.40,0.3,0.25,20,2.4,1.5,last_5y,2021-05-11,2026-05-15,1260,0.44247599443981245,0.24497658328921126,1.6188693061288322,-0.2040693908764316,5.2451514090488285,2021-05-11,2022-05-13,510,117,173,1087,0.8626984126984127,1.1699500332178365,1.5,0.0,560,527,59
switch_2.40,0.3,0.25,20,2.4,1.5,last_3y,2023-05-11,2026-05-15,756,0.6059083025486973,0.25251215008559047,2.003707618065672,-0.19027154989128614,3.1415435284084854,2023-05-11,2026-03-30,286,66,95,661,0.8743386243386243,1.1852945718695713,1.5,0.0,373,288,27
switch_2.40,0.3,0.25,20,2.4,1.5,last_1y,2025-05-15,2026-05-15,252,0.9120713007495913,0.2678279480531926,2.5600114435489894,-0.19027154989128614,0.9120713007495913,2025-05-15,2026-03-30,120,18,36,216,0.8571428571428571,1.0901631139800108,1.5,0.0,120,96,7
switch_2.50,0.3,0.25,20,2.5,1.5,full,2015-07-13,2026-05-15,2728,0.3485052448765422,0.22545990921584153,1.4396295809040163,-0.20406939087643172,24.451088209070704,2015-07-13,2022-05-13,929,248,382,2346,0.8599706744868035,1.1930519130840864,1.5,0.0,1317,1029,155
switch_2.50,0.3,0.25,20,2.5,1.5,last_10y,2016-05-09,2026-05-15,2520,0.3664909112884738,0.2269855706582712,1.489933880471733,-0.2040693908764316,21.70217540602734,2016-05-09,2022-05-13,885,228,343,2177,0.8638888888888889,1.1943086734338972,1.5,0.0,1253,924,143
switch_2.50,0.3,0.25,20,2.5,1.5,last_5y,2021-05-11,2026-05-15,1260,0.44247599443981245,0.24497658328921126,1.6188693061288322,-0.2040693908764316,5.2451514090488285,2021-05-11,2022-05-13,510,117,173,1087,0.8626984126984127,1.1699500332178365,1.5,0.0,560,527,59
switch_2.50,0.3,0.25,20,2.5,1.5,last_3y,2023-05-11,2026-05-15,756,0.6059083025486973,0.25251215008559047,2.003707618065672,-0.19027154989128614,3.1415435284084854,2023-05-11,2026-03-30,286,66,95,661,0.8743386243386243,1.1852945718695713,1.5,0.0,373,288,27
switch_2.50,0.3,0.25,20,2.5,1.5,last_1y,2025-05-15,2026-05-15,252,0.9120713007495913,0.2678279480531926,2.5600114435489894,-0.19027154989128614,0.9120713007495913,2025-05-15,2026-03-30,120,18,36,216,0.8571428571428571,1.0901631139800108,1.5,0.0,120,96,7
switch_2.60,0.3,0.25,20,2.6,1.5,full,2015-07-13,2026-05-15,2728,0.34832830976931994,0.225461351725798,1.4390390687083972,-0.20406939087643172,24.414961231264282,2015-07-13,2022-05-13,929,248,382,2346,0.8599706744868035,1.1930519130840864,1.5,0.0,1315,1031,157
switch_2.60,0.3,0.25,20,2.6,1.5,last_10y,2016-05-09,2026-05-15,2520,0.36655271282240953,0.22698604401611308,1.4901307555808785,-0.20406939087643172,21.712444884073424,2016-05-09,2022-05-13,885,228,343,2177,0.8638888888888889,1.194308673433897,1.5,0.0,1252,925,144
switch_2.60,0.3,0.25,20,2.6,1.5,last_5y,2021-05-11,2026-05-15,1260,0.44260647352941596,0.24497737457378665,1.6192346678770222,-0.20406939087643172,5.247976444277504,2021-05-11,2022-05-13,510,117,173,1087,0.8626984126984127,1.1699500332178363,1.5,0.0,559,528,60
switch_2.60,0.3,0.25,20,2.6,1.5,last_3y,2023-05-11,2026-05-15,756,0.6059083025486975,0.25251215008559036,2.003707618065672,-0.1902715498912858,3.141543528408487,2023-05-11,2026-03-30,286,66,95,661,0.8743386243386243,1.185294571869571,1.5,0.0,373,288,27
switch_2.60,0.3,0.25,20,2.6,1.5,last_1y,2025-05-15,2026-05-15,252,0.9120713007495902,0.2678279480531926,2.560011443548985,-0.1902715498912858,0.9120713007495902,2025-05-15,2026-03-30,120,18,36,216,0.8571428571428571,1.0901631139800105,1.5,0.0,120,96,7
switch_2.70,0.3,0.25,20,2.7,1.5,full,2015-07-13,2026-05-15,2728,0.34396926524634863,0.22532102333696322,1.4254090657339045,-0.2040693908764315,23.53948941815718,2015-07-13,2022-05-13,929,248,382,2346,0.8599706744868035,1.1924383149280475,1.5,0.0,1312,1034,162
switch_2.70,0.3,0.25,20,2.7,1.5,last_10y,2016-05-09,2026-05-15,2520,0.3617707316733034,0.22683599664809193,1.475496254056572,-0.2040693908764315,20.93006693268413,2016-05-09,2022-05-13,885,228,343,2177,0.8638888888888889,1.1936444290808519,1.5,0.0,1249,928,149
switch_2.70,0.3,0.25,20,2.7,1.5,last_5y,2021-05-11,2026-05-15,1260,0.4385204436900698,0.2447785041443511,1.6087520393362507,-0.2040693908764314,5.159992614483381,2021-05-11,2022-05-13,510,117,173,1087,0.8626984126984127,1.1691001405001304,1.5,0.0,557,530,64
switch_2.70,0.3,0.25,20,2.7,1.5,last_3y,2023-05-11,2026-05-15,756,0.6079526159089694,0.2523512900406755,2.009880830679837,-0.19027154989128614,3.1573801648159394,2023-05-11,2026-03-30,286,66,95,661,0.8743386243386243,1.1832889591501032,1.5,0.0,372,289,30
switch_2.70,0.3,0.25,20,2.7,1.5,last_1y,2025-05-15,2026-05-15,252,0.9092474077820936,0.26743721493694433,2.5578225142341733,-0.19027154989128614,0.9092474077820936,2025-05-15,2026-03-30,120,18,36,216,0.8571428571428571,1.0851532349763304,1.5,0.0,120,96,7
switch_2.80,0.3,0.25,20,2.8,1.5,full,2015-07-13,2026-05-15,2728,0.343124133788576,0.22534313848373405,1.4224964633245363,-0.20406939087643106,23.37295537064708,2015-07-13,2022-05-13,929,248,382,2346,0.8599706744868035,1.1924383149280475,1.5,0.0,1311,1035,163
switch_2.80,0.3,0.25,20,2.8,1.5,last_10y,2016-05-09,2026-05-15,2520,0.3608437492953427,0.2268599368678011,1.4723590438359455,-0.20406939087643106,20.78124139087128,2016-05-09,2022-05-13,885,228,343,2177,0.8638888888888889,1.1936444290808519,1.5,0.0,1248,929,150
switch_2.80,0.3,0.25,20,2.8,1.5,last_5y,2021-05-11,2026-05-15,1260,0.43852044369007137,0.2447785041443511,1.6087520393362558,-0.20406939087643106,5.159992614483417,2021-05-11,2022-05-13,510,117,173,1087,0.8626984126984127,1.1691001405001304,1.5,0.0,557,530,64
switch_2.80,0.3,0.25,20,2.8,1.5,last_3y,2023-05-11,2026-05-15,756,0.607952615908971,0.2523512900406756,2.0098808306798417,-0.19027154989128625,3.157380164815951,2023-05-11,2026-03-30,286,66,95,661,0.8743386243386243,1.1832889591501032,1.5,0.0,372,289,30
switch_2.80,0.3,0.25,20,2.8,1.5,last_1y,2025-05-15,2026-05-15,252,0.9092474077820947,0.26743721493694417,2.557822514234175,-0.19027154989128636,0.9092474077820947,2025-05-15,2026-03-30,120,18,36,216,0.8571428571428571,1.0851532349763304,1.5,0.0,120,96,7
switch_2.90,0.3,0.25,20,2.9,1.5,full,2015-07-13,2026-05-15,2728,0.3360316631199549,0.22535527539706726,1.3989107905882667,-0.2040693908764314,22.01527955273922,2015-07-13,2022-05-13,929,248,382,2346,0.8599706744868035,1.1924525133094686,1.5,0.0,1314,1032,168
switch_2.90,0.3,0.25,20,2.9,1.5,last_10y,2016-05-09,2026-05-15,2520,0.35306627337947627,0.22687431693294272,1.4469866261841666,-0.2040693908764314,19.56793490954018,2016-05-09,2022-05-13,885,228,343,2177,0.8638888888888889,1.193659799392168,1.5,0.0,1251,926,155
switch_2.90,0.3,0.25,20,2.9,1.5,last_5y,2021-05-11,2026-05-15,1260,0.4176321744971634,0.24489711104035197,1.5482784228405384,-0.2040693908764315,4.7255578477002675,2021-05-11,2022-05-13,510,117,173,1087,0.8626984126984127,1.1691308811227628,1.5,0.0,559,528,68
switch_2.90,0.3,0.25,20,2.9,1.5,last_3y,2023-05-11,2026-05-15,756,0.5780800666739665,0.25272425522932507,1.9329467161861877,-0.1902715498912867,2.9299507005799676,2023-05-11,2026-03-30,286,66,95,661,0.8743386243386243,1.1833401935211572,1.5,0.0,375,286,33
switch_2.90,0.3,0.25,20,2.9,1.5,last_1y,2025-05-15,2026-05-15,252,0.9092474077820927,0.2674372149369446,2.5578225142341657,-0.1902715498912868,0.9092474077820927,2025-05-15,2026-03-30,120,18,36,216,0.8571428571428571,1.0851532349763313,1.5,0.0,120,96,7
switch_3.00,0.3,0.25,20,3.0,1.5,full,2015-07-13,2026-05-15,2728,0.3420785408167648,0.22501330485718213,1.4207893246872607,-0.2040693908764315,23.168340015868388,2015-07-13,2022-05-13,927,246,382,2346,0.8599706744868035,1.1920906475285817,1.5,0.0,1345,1001,157
switch_3.00,0.3,0.25,20,3.0,1.5,last_10y,2016-05-09,2026-05-15,2520,0.35969695734930096,0.22650546589539447,1.4705849587465063,-0.2040693908764315,20.59838394223865,2016-05-09,2022-05-13,883,226,343,2177,0.8638888888888889,1.1932680653246048,1.5,0.0,1282,895,144
switch_3.00,0.3,0.25,20,3.0,1.5,last_5y,2021-05-11,2026-05-15,1260,0.41244948599130815,0.2448426742030666,1.5335891587012482,-0.2040693908764314,4.621660631805979,2021-05-11,2022-05-13,510,117,173,1087,0.8626984126984127,1.1683474129876361,1.5,0.0,558,529,69
switch_3.00,0.3,0.25,20,3.0,1.5,last_3y,2023-05-11,2026-05-15,756,0.5684763453580288,0.2526467486005981,1.909257827752581,-0.19027154989128692,2.85863696185735,2023-05-11,2026-03-30,286,66,95,661,0.8743386243386243,1.1820344132959455,1.5,0.0,374,287,34
switch_3.00,0.3,0.25,20,3.0,1.5,last_1y,2025-05-15,2026-05-15,252,0.9059780396890864,0.2672020749393484,2.5534083898374322,-0.1902715498912868,0.9059780396890864,2025-05-15,2026-03-30,120,18,36,216,0.8571428571428571,1.081822674299127,1.5,0.0,120,96,7
