date,strategy,operation,base_position_before,base_position_next,actual_position_before,actual_position_next,position_before_name,position_name,fraction_before,holding_fraction,exposure_effective,drifted_exposure_before_trade,final_exposure_after_overheat,rebalance_delta,buy_delta,sell_delta,turnover,cost,note,version,entry_case,position_before,position,pending_entry_target,pending_entry_since,pending_entry_days,trade_target,trade_fraction,staged_initial,fill_on_down_day,trade_blocked_by_stale_price,blocked_trade_target,stale_price_trade_assets,best_candidate,best_candidate_score,current_score,buffer_blocked,asset_return,asset_return_159915.SZ,asset_return_159941.SZ,asset_return_513030.SH,asset_return_513520.SH,asset_return_159985.SZ,asset_return_518880.SH,gross_return,asset_component,return,nav,trade_count,stop_count,stop_triggered,staged_initial_count,staged_fill_count,score_159915.SZ,score_159941.SZ,score_513030.SH,score_513520.SH,score_159985.SZ,score_518880.SH,raw_score_159915.SZ,raw_score_159941.SZ,raw_score_513030.SH,raw_score_513520.SH,raw_score_159985.SZ,raw_score_518880.SH,r2_159915.SZ,r2_159941.SZ,r2_513030.SH,r2_513520.SH,r2_159985.SZ,r2_518880.SH,buffer_blocked_count,scenario,weight,target_vol_scale_effective,target_vol_scale_next,overheat_scale,overheat_scale_effective,overheat_scale_next,overheat_on,overheat_on_effective,overheat_triggered,overheat_recovered,overheat_feature_missing,overheat_recovery_mode,actual_entry_state,actual_pending_target,actual_pending_days,actual_staged_initial,actual_fill_on_down_day,signal_price_159915.SZ,signal_price_159941.SZ,signal_price_513030.SH,signal_price_513520.SH,signal_price_159985.SZ,signal_price_518880.SH,price_ffill_159915.SZ,price_ffill_159941.SZ,price_ffill_513030.SH,price_ffill_513520.SH,price_ffill_159985.SZ,price_ffill_518880.SH,common_last_date,last_date_159915.SZ,last_date_159941.SZ,last_date_513030.SH,last_date_513520.SH,last_date_159985.SZ,last_date_518880.SH
2026-09-01,SubD V1.3,减: 黄金ETF(518880.SH) (100.00% NAV) / 加: 豆粕ETF(159985.SZ) (100.00% NAV),518880.SH,159985.SZ,518880.SH,159985.SZ,黄金ETF(518880.SH),豆粕ETF(159985.SZ),1.0,1.0,1.0,1.0,1.0,0.0,1.0,1.0,2.0,0.002,-,1.3,full_entry,518880.SH,159985.SZ,,,0,159985.SZ,1.0,False,False,False,,,159985.SZ,2.633678797966095,1.7042408455395037,False,-0.0018609742747672797,-0.01273148148148151,0.007259528130671544,-0.01096605744125334,-0.0017590149516271136,0.026452732003469093,-0.0018609742747672797,-0.0018609742747672797,-0.0018609742747672797,-0.003857252326217697,44.61604840579623,375,0,False,0,0,,,,,2.633678797966095,1.7042408455395037,-0.3962814873853535,0.020186312015614938,0.131722691591456,-0.08109025865225994,2.633678797966095,1.7042408455395037,0.1816904898509648,0.0008711450952476607,0.03153524471020752,0.010204174612344907,0.8082992628395325,0.5522390023801769,0,v1_3_naive_score_0p5_5p5_r2_0p25,1.0,1.0,1.0,1.0,1.0,1.0,False,False,False,False,False,,FULL_POSITION,,0,False,False,3.412,1.665,1.894,2.27,2.367,9.118,False,False,False,False,False,False,2026-09-02,2026-09-02,2026-09-02,2026-09-02,2026-09-02,2026-09-02,2026-09-02
2026-08-21,SubD V1.3,减: 德国ETF(513030.SH) (100.00% NAV) / 加: 黄金ETF(518880.SH) (100.00% NAV),513030.SH,518880.SH,513030.SH,518880.SH,德国ETF(513030.SH),黄金ETF(518880.SH),1.0,1.0,1.0,1.0,1.0,0.0,1.0,1.0,2.0,0.002,-,1.3,full_entry,513030.SH,518880.SH,,,0,518880.SH,1.0,False,False,False,,,518880.SH,2.7557961880838784,1.9125726946881931,False,-0.01565762004175364,0.013667425968109326,-0.007285974499089298,-0.01565762004175364,-0.006570302233902869,-0.022151898734177333,0.01667749620965986,-0.01565762004175364,-0.01565762004175364,-0.017626304801670156,46.029266520935586,374,0,False,0,0,,1.1039751124677886,1.9125726946881931,1.5563495168493797,,2.7557961880838784,0.8225830957455487,1.1039751124677886,1.9125726946881931,1.5563495168493797,0.2884989522494472,2.7557961880838784,0.19943877439794433,0.35577047044992693,0.6230164342142941,0.40293104998113116,0.07691123852418569,0.8224106123964402,0,v1_3_naive_score_0p5_5p5_r2_0p25,1.0,1.0,1.0,1.0,1.0,1.0,False,False,False,False,False,,FULL_POSITION,,0,False,False,3.56,1.635,1.886,2.268,2.163,9.388,False,False,False,False,False,False,2026-09-02,2026-09-02,2026-09-02,2026-09-02,2026-09-02,2026-09-02,2026-09-02
2026-08-05,SubD V1.3,加: 德国ETF(513030.SH) (100.00% NAV),CASH,513030.SH,CASH,513030.SH,现金,德国ETF(513030.SH),0.0,1.0,0.0,0.0,1.0,1.0,1.0,0.0,1.0,0.001,-,1.3,full_entry,CASH,513030.SH,,,0,513030.SH,1.0,False,False,False,,,513030.SH,0.7557342929378932,,False,0.0,0.013090495162208393,0.03617412630288164,0.02151694459386766,0.03866906474820131,-0.0038004750593824133,0.027592768791627087,0.0,0.0,-0.001000000000000112,46.43942026325009,373,0,False,0,0,,,0.7557342929378932,,,,-0.8255686388543981,0.002332946847656281,0.7557342929378932,-0.5517326546072256,-0.4191835655426104,-0.005150852638073133,0.5982260040912322,4.174087484876132e-06,0.3208299653766541,0.23748230980239415,0.19813386314431736,0.00012102850324013925,0,v1_3_naive_score_0p5_5p5_r2_0p25,1.0,1.0,1.0,1.0,1.0,1.0,False,False,False,False,False,,FULL_POSITION,,0,False,False,3.56,1.69,1.899,2.31,2.097,8.64,False,False,False,False,False,False,2026-09-02,2026-09-02,2026-09-02,2026-09-02,2026-09-02,2026-09-02,2026-09-02
2026-07-30,SubD V1.3,减: 豆粕ETF(159985.SZ) (100.00% NAV),159985.SZ,CASH,159985.SZ,CASH,豆粕ETF(159985.SZ),现金,1.0,0.0,1.0,1.0,0.0,-1.0,0.0,1.0,1.0,0.001,-,1.3,full_entry,159985.SZ,CASH,,,0,CASH,0.0,False,False,False,,,CASH,,,False,-0.019718309859154792,-0.03880070546737213,-0.014304291287386195,-0.0005589714924538747,-0.010019083969465603,-0.019718309859154792,-0.0038131553860819567,-0.019718309859154792,-0.019718309859154792,-0.020698591549295653,46.485906169419515,372,0,False,0,0,,,,,,,-0.9228861281102462,-0.5485058825180402,-0.09566768675249937,-0.8643818323416551,0.41862745209715313,-0.13603086065957903,0.8418025962356479,0.705558038092956,0.03441305997444288,0.8852360784543292,0.07251340702171616,0.09260909639726878,0,v1_3_naive_score_0p5_5p5_r2_0p25,1.0,1.0,1.0,1.0,1.0,1.0,False,False,False,False,False,,CASH,,0,False,False,3.27,1.516,1.788,2.075,2.088,8.36,False,False,False,False,False,False,2026-09-02,2026-09-02,2026-09-02,2026-09-02,2026-09-02,2026-09-02,2026-09-02
2026-07-07,SubD V1.3,加: 豆粕ETF(159985.SZ) (100.00% NAV),CASH,159985.SZ,CASH,159985.SZ,现金,豆粕ETF(159985.SZ),0.0,1.0,0.0,0.0,1.0,1.0,1.0,0.0,1.0,0.001,-,1.3,full_entry,CASH,159985.SZ,,,0,159985.SZ,1.0,False,False,False,,,159985.SZ,0.8314422032784414,,False,0.0,-0.009571788413098248,-0.0006153846153845732,0.012008733624454093,-0.02429149797570851,0.0122352941176469,-0.00393928861082149,0.0,0.0,-0.0009999999999998899,47.936434600511134,371,0,False,0,0,,,,,0.8314422032784414,,0.1324436505454878,-0.1522596792927282,0.39635867768631505,0.7437962348817106,0.8314422032784414,-0.5045469507862319,0.005216114483009515,0.040973555274876006,0.16128899474116354,0.13907158786337193,0.34152726215411144,0.3670041619228651,0,v1_3_naive_score_0p5_5p5_r2_0p25,1.0,1.0,1.0,1.0,1.0,1.0,False,False,False,False,False,,FULL_POSITION,,0,False,False,3.932,1.624,1.854,2.41,2.151,8.597,False,False,False,False,False,False,2026-09-02,2026-09-02,2026-09-02,2026-09-02,2026-09-02,2026-09-02,2026-09-02
2026-07-06,SubD V1.3,减: 日经ETF(513520.SH) (100.00% NAV),513520.SH,CASH,513520.SH,CASH,日经ETF(513520.SH),现金,1.0,0.0,1.0,1.0,0.0,-1.0,0.0,1.0,1.0,0.001,-,1.3,full_entry,513520.SH,CASH,,,0,CASH,0.0,False,False,False,,,CASH,,,False,0.011051985264019626,-0.016596482536537005,0.0018495684340320562,0.002188183807439792,0.011051985264019626,0.029055690072639306,-0.004727859778597798,0.011051985264019626,0.011051985264019626,0.01004093327875566,47.98441901953066,370,0,False,0,0,,,,,,,0.5678116780145812,-0.15831826858200848,0.1325586496020581,1.1809552449767113,0.41284052417259165,-0.5785007136986552,0.07070158484705802,0.03858800392746542,0.03202368196074479,0.24629702688844646,0.18957986929677373,0.4686395518510509,0,v1_3_naive_score_0p5_5p5_r2_0p25,1.0,1.0,1.0,1.0,1.0,1.0,False,False,False,False,False,,CASH,,0,False,False,3.97,1.625,1.832,2.47,2.125,8.631,False,False,False,False,False,False,2026-09-02,2026-09-02,2026-09-02,2026-09-02,2026-09-02,2026-09-02,2026-09-02
2026-06-23,SubD V1.3,加: 日经ETF(513520.SH) (100.00% NAV),CASH,513520.SH,CASH,513520.SH,现金,日经ETF(513520.SH),0.0,1.0,0.0,0.0,1.0,1.0,1.0,0.0,1.0,0.001,-,1.3,full_entry,CASH,513520.SH,,,0,513520.SH,1.0,False,False,False,,,513520.SH,5.41257004154795,,False,0.0,-0.03859328613838764,-0.03440094899169632,-0.014590347923681302,-0.06101304681504216,0.002513826043237799,-0.020536943552087905,0.0,0.0,-0.0010000000000000009,47.585185728559146,369,0,False,0,0,,,,5.41257004154795,,,1.13371102544694,0.17924112139998494,-0.2830941927446794,5.41257004154795,-0.38177978638794596,-0.6702051215489544,0.2100104693748086,0.015519440701203147,0.2477993491128775,0.6697325145223751,0.6093816735306248,0.6499289891891484,0,v1_3_naive_score_0p5_5p5_r2_0p25,1.0,1.0,1.0,1.0,1.0,1.0,False,False,False,False,False,,FULL_POSITION,,0,False,False,4.21,1.628,1.756,2.447,1.994,8.537,False,False,False,False,False,False,2026-09-02,2026-09-02,2026-09-02,2026-09-02,2026-09-02,2026-09-02,2026-09-02
2026-06-22,SubD V1.3,减: 日经ETF(513520.SH) (100.00% NAV),513520.SH,CASH,513520.SH,CASH,日经ETF(513520.SH),现金,1.0,0.0,1.0,1.0,0.0,-1.0,0.0,1.0,1.0,0.001,-,1.3,full_entry,513520.SH,CASH,,,0,CASH,0.0,False,False,False,,,CASH,,,False,0.030854430379746667,0.025767158585148664,-0.0041346721795629815,-0.0011210762331838042,0.030854430379746667,-0.007485029940119681,-0.021553659631791677,0.030854430379746667,0.030854430379746667,0.02982357594936702,47.632818547106254,368,0,False,0,0,,,,,,,0.9369841354823929,0.4011108654580655,-0.24010009691102419,6.324240057629631,-0.3950633177579085,-0.6410282718808432,0.16136130470358878,0.058105324441447004,0.16610766229626717,0.6969690937877001,0.6118518254852972,0.6101190417541786,0,v1_3_naive_score_0p5_5p5_r2_0p25,1.0,1.0,1.0,1.0,1.0,1.0,False,False,False,False,False,,CASH,,0,False,False,4.379,1.686,1.782,2.606,1.989,8.716,False,False,False,False,False,False,2026-09-02,2026-09-02,2026-09-02,2026-09-02,2026-09-02,2026-09-02,2026-09-02
2026-06-05,SubD V1.3,减: 纳指ETF(159941.SZ) (100.00% NAV) / 加: 日经ETF(513520.SH) (100.00% NAV),159941.SZ,513520.SH,159941.SZ,513520.SH,纳指ETF(159941.SZ),日经ETF(513520.SH),1.0,1.0,1.0,1.0,1.0,0.0,1.0,1.0,2.0,0.002,-,1.3,full_entry,159941.SZ,513520.SH,,,0,513520.SH,1.0,False,False,False,,,513520.SH,4.312843084753653,3.647677923922438,False,-0.019127316198445876,-0.029999999999999916,-0.019127316198445876,0.0027932960893854997,-0.026774330641734068,-0.009857072449482529,-0.00409041980624314,-0.019127316198445876,-0.019127316198445876,-0.02108906156604884,41.898826867110124,367,0,False,0,0,0.9103238008859917,3.647677923922438,,4.312843084753653,,,0.9103238008859917,3.647677923922438,0.1096123265827571,4.312843084753653,-0.518980006853232,-0.49631755313334636,0.44147666710703637,0.6556598258927637,0.027633598840938745,0.6564046839382693,0.8274757419886308,0.7262646192054705,0,v1_3_naive_score_0p5_5p5_r2_0p25,1.0,1.0,1.0,1.0,1.0,1.0,False,False,False,False,False,,FULL_POSITION,,0,False,False,3.977,1.641,1.795,2.29,2.009,9.252,False,False,False,False,False,False,2026-09-02,2026-09-02,2026-09-02,2026-09-02,2026-09-02,2026-09-02,2026-09-02
2026-06-04,SubD V1.3,减: 日经ETF(513520.SH) (100.00% NAV) / 加: 纳指ETF(159941.SZ) (100.00% NAV),513520.SH,159941.SZ,513520.SH,159941.SZ,日经ETF(513520.SH),纳指ETF(159941.SZ),1.0,1.0,1.0,1.0,1.0,0.0,1.0,1.0,2.0,0.002,-,1.3,full_entry,513520.SH,159941.SZ,,,0,159941.SZ,1.0,False,False,False,,,159941.SZ,4.762577368908889,4.4210531350158275,False,-0.01217464315701089,-0.010856453558504175,-0.01991798476859985,-0.011595803423522844,-0.01217464315701089,-0.012171372930866564,0.0009697230901841714,-0.01217464315701089,-0.01217464315701089,-0.014150293870696884,42.80146969666037,366,0,False,0,0,1.311191012254095,4.762577368908889,,4.4210531350158275,,,1.311191012254095,4.762577368908889,0.14869388815271,4.4210531350158275,-0.49125650016554323,-0.5002773849847162,0.6069357240620972,0.7531149004164489,0.0455133716543662,0.6455643934951709,0.8156120240785498,0.7122474995530215,0,v1_3_naive_score_0p5_5p5_r2_0p25,1.0,1.0,1.0,1.0,1.0,1.0,False,False,False,False,False,,FULL_POSITION,,0,False,False,4.1,1.673,1.79,2.353,2.029,9.29,False,False,False,False,False,False,2026-09-02,2026-09-02,2026-09-02,2026-09-02,2026-09-02,2026-09-02,2026-09-02
2026-06-02,SubD V1.3,减: 纳指ETF(159941.SZ) (100.00% NAV) / 加: 日经ETF(513520.SH) (100.00% NAV),159941.SZ,513520.SH,159941.SZ,513520.SH,纳指ETF(159941.SZ),日经ETF(513520.SH),1.0,1.0,1.0,1.0,1.0,0.0,1.0,1.0,2.0,0.002,-,1.3,full_entry,159941.SZ,513520.SH,,,0,513520.SH,1.0,False,False,False,,,513520.SH,2.644453383917408,,False,-0.01643990929705208,0.0269929364278505,-0.01643990929705208,-0.0054555373704310295,-0.005141388174807249,-0.01302460202604927,0.007063356164383583,-0.01643990929705208,-0.01643990929705208,-0.01840702947845796,42.32221886852556,365,0,False,0,0,1.416552888306804,,,2.644453383917408,,,1.416552888306804,5.586607967323066,0.22200011648536822,2.644453383917408,-0.4748476238233057,-0.5086743845010767,0.581928804069388,0.777711825241793,0.08341229883705858,0.518997055097427,0.7774879554254022,0.6893017074242853,0,v1_3_naive_score_0p5_5p5_r2_0p25,1.0,1.0,1.0,1.0,1.0,1.0,False,False,False,False,False,,FULL_POSITION,,0,False,False,4.071,1.735,1.823,2.322,2.046,9.41,False,False,False,False,False,False,2026-09-02,2026-09-02,2026-09-02,2026-09-02,2026-09-02,2026-09-02,2026-09-02
2026-05-18,SubD V1.3,减: 创业板100ETF(159915.SZ) (100.00% NAV) / 加: 纳指ETF(159941.SZ) (100.00% NAV),159915.SZ,159941.SZ,159915.SZ,159941.SZ,创业板100ETF(159915.SZ),纳指ETF(159941.SZ),1.0,1.0,1.0,1.0,1.0,0.0,1.0,1.0,2.0,0.002,-,1.3,full_entry,159915.SZ,159941.SZ,,,0,159941.SZ,1.0,False,False,False,,,159941.SZ,5.119030147651658,3.450085658106455,False,-0.011838790931989918,-0.011838790931989918,-0.025575447570332477,-0.027027027027027084,-0.013908872901678637,0.0014360938247965915,-0.0042913962738120315,-0.011838790931989918,-0.011838790931989918,-0.013815113350125863,37.24975111931815,364,0,False,0,0,3.450085658106455,5.119030147651658,,1.2346085965730733,,,3.450085658106455,5.119030147651658,-0.1716877416761634,1.2346085965730733,-0.004130418448754725,-0.3825216811599089,0.7957310820026943,0.8588142573742242,0.06395695138782942,0.4423888780977041,5.6296619054041486e-05,0.5384255452278601,0,v1_3_naive_score_0p5_5p5_r2_0p25,1.0,1.0,1.0,1.0,1.0,1.0,False,False,False,False,False,,FULL_POSITION,,0,False,False,3.923,1.524,1.728,2.056,2.092,9.513,False,False,False,False,False,False,2026-09-02,2026-09-02,2026-09-02,2026-09-02,2026-09-02,2026-09-02,2026-09-02
2026-05-11,SubD V1.3,减: 纳指ETF(159941.SZ) (100.00% NAV) / 加: 创业板100ETF(159915.SZ) (100.00% NAV),159941.SZ,159915.SZ,159941.SZ,159915.SZ,纳指ETF(159941.SZ),创业板100ETF(159915.SZ),1.0,1.0,1.0,1.0,1.0,0.0,1.0,1.0,2.0,0.002,-,1.3,full_entry,159941.SZ,159915.SZ,,,0,159915.SZ,1.0,False,False,False,,,159915.SZ,4.313752020046891,,False,0.02402597402597406,0.037046768260641016,0.02402597402597406,-0.008709853021230285,-0.005558128763316406,0.009799346710219536,-0.01072874493927145,0.02402597402597406,0.02402597402597406,0.021977922077922152,37.55274190183802,363,0,False,0,0,4.313752020046891,,0.6315589514164153,2.914047422252412,0.6425002327034397,,4.313752020046891,6.333894821775003,0.6315589514164153,2.914047422252412,0.6425002327034397,-0.2724130628819248,0.7653949009400643,0.9139896534734069,0.4394783837925884,0.745960978035361,0.6213896382819284,0.33145502450894027,0,v1_3_naive_score_0p5_5p5_r2_0p25,1.0,1.0,1.0,1.0,1.0,1.0,False,False,False,False,False,,FULL_POSITION,,0,False,False,3.947,1.577,1.821,2.147,2.164,9.774,False,False,False,False,False,False,2026-09-02,2026-09-02,2026-09-02,2026-09-02,2026-09-02,2026-09-02,2026-09-02
2026-05-07,SubD V1.3,减: 创业板100ETF(159915.SZ) (100.00% NAV) / 加: 纳指ETF(159941.SZ) (100.00% NAV),159915.SZ,159941.SZ,159915.SZ,159941.SZ,创业板100ETF(159915.SZ),纳指ETF(159941.SZ),1.0,1.0,1.0,1.0,1.0,0.0,1.0,1.0,2.0,0.002,-,1.3,full_entry,159915.SZ,159941.SZ,,,0,159941.SZ,1.0,False,False,False,,,159941.SZ,4.957368812703771,4.708692380843579,False,0.01558372952984688,0.01558372952984688,0.027406417112299408,0.015200868621064068,0.034171808258186775,-0.012505789717461635,0.012051884383617706,0.01558372952984688,0.01558372952984688,0.013552562070787255,36.673578166558244,362,0,False,0,0,4.708692380843579,4.957368812703771,0.8580685813500122,2.7031844207740576,0.7642484220597725,,4.708692380843579,4.957368812703771,0.8580685813500122,2.7031844207740576,0.7642484220597725,-0.2509772814917959,0.7505302889709021,0.9202135693315707,0.5004722640194004,0.707912988441933,0.6639348602958542,0.24378272740571139,0,v1_3_naive_score_0p5_5p5_r2_0p25,1.0,1.0,1.0,1.0,1.0,1.0,False,False,False,False,False,,FULL_POSITION,,0,False,False,3.845,1.537,1.87,2.179,2.132,9.909,False,False,False,False,False,False,2026-09-02,2026-09-02,2026-09-02,2026-09-02,2026-09-02,2026-09-02,2026-09-02
2026-04-30,SubD V1.3,减: 纳指ETF(159941.SZ) (100.00% NAV) / 加: 创业板100ETF(159915.SZ) (100.00% NAV),159941.SZ,159915.SZ,159941.SZ,159915.SZ,纳指ETF(159941.SZ),创业板100ETF(159915.SZ),1.0,1.0,1.0,1.0,1.0,0.0,1.0,1.0,2.0,0.002,-,1.3,full_entry,159941.SZ,159915.SZ,,,0,159915.SZ,1.0,False,False,False,,,159915.SZ,4.9942409604570255,4.05372893266338,False,0.0027548209366390353,-0.0013535462912831475,0.0027548209366390353,-0.003342618384401086,-0.007893438579181011,-0.001385681293302632,0.004254436027809616,0.0027548209366390353,0.0027548209366390353,0.0007493112947658531,35.256163785681466,361,0,False,0,0,4.9942409604570255,4.05372893266338,0.7580446226378774,2.1141563903906833,0.8458334115063979,,4.9942409604570255,4.05372893266338,0.7580446226378774,2.1141563903906833,0.8458334115063979,-0.19967901715073288,0.7254466987687598,0.9275220182644344,0.4369044887546659,0.683174077285433,0.6679416109323808,0.12006842835589682,0,v1_3_naive_score_0p5_5p5_r2_0p25,1.0,1.0,1.0,1.0,1.0,1.0,False,False,False,False,False,,FULL_POSITION,,0,False,False,3.689,1.456,1.789,2.011,2.162,9.678,False,False,False,False,False,False,2026-09-02,2026-09-02,2026-09-02,2026-09-02,2026-09-02,2026-09-02,2026-09-02
2026-04-24,SubD V1.3,减: 日经ETF(513520.SH) (100.00% NAV) / 加: 纳指ETF(159941.SZ) (100.00% NAV),513520.SH,159941.SZ,513520.SH,159941.SZ,日经ETF(513520.SH),纳指ETF(159941.SZ),1.0,1.0,1.0,1.0,1.0,0.0,1.0,1.0,2.0,0.002,-,1.3,full_entry,513520.SH,159941.SZ,,,0,159941.SZ,1.0,False,False,False,,,159941.SZ,3.842024423839166,3.572482989374472,False,0.0029806259314457684,-0.014484978540772575,0.0007057163020465218,-0.0016694490818029983,0.0029806259314457684,-0.014378478664193062,-0.007474747474747412,0.0029806259314457684,0.0029806259314457684,0.0009746646795829594,34.40482630652535,360,0,False,0,0,,3.842024423839166,1.734763717505328,3.572482989374472,,0.5285826265357583,8.55855965932266,3.842024423839166,1.734763717505328,3.572482989374472,0.2515134077679819,0.5285826265357583,0.8244652709658162,0.8837636308233201,0.7438103874133182,0.8091760469919863,0.08248468302065814,0.32063976666509186,0,v1_3_naive_score_0p5_5p5_r2_0p25,1.0,1.0,1.0,1.0,1.0,1.0,False,False,False,False,False,,FULL_POSITION,,0,False,False,3.674,1.418,1.794,2.019,2.125,9.826,False,False,False,False,False,False,2026-09-02,2026-09-02,2026-09-02,2026-09-02,2026-09-02,2026-09-02,2026-09-02
2026-04-21,SubD V1.3,减: 创业板100ETF(159915.SZ) (100.00% NAV) / 加: 日经ETF(513520.SH) (100.00% NAV),159915.SZ,513520.SH,159915.SZ,513520.SH,创业板100ETF(159915.SZ),日经ETF(513520.SH),1.0,1.0,1.0,1.0,1.0,0.0,1.0,1.0,2.0,0.002,-,1.3,full_entry,159915.SZ,513520.SH,,,0,513520.SH,1.0,False,False,False,,,513520.SH,3.590299677613306,,False,0.002450980392156854,0.002450980392156854,-0.002849002849002802,0.006053935057787729,0.005946481665014769,0.017216642754662725,-0.002590673575129543,0.002450980392156854,0.002450980392156854,0.0004460784313724542,34.66159530663428,359,0,False,0,0,,3.2791486457640886,1.8702571665546208,3.590299677613306,,0.8443942277550176,5.850467166874467,3.2791486457640886,1.8702571665546208,3.590299677613306,-0.2705885030370039,0.8443942277550176,0.6860105795748175,0.7721269534274842,0.7067780183478667,0.743074941100555,0.12412909891337554,0.3761230159991371,0,v1_3_naive_score_0p5_5p5_r2_0p25,1.0,1.0,1.0,1.0,1.0,1.0,False,False,False,False,False,,FULL_POSITION,,0,False,False,3.681,1.4,1.828,2.03,2.127,10.01,False,False,False,False,False,False,2026-09-02,2026-09-02,2026-09-02,2026-09-02,2026-09-02,2026-09-02,2026-09-02
2026-04-15,SubD V1.3,加: 创业板100ETF(159915.SZ) (100.00% NAV),CASH,159915.SZ,CASH,159915.SZ,现金,创业板100ETF(159915.SZ),0.0,1.0,0.0,0.0,1.0,1.0,1.0,0.0,1.0,0.001,-,1.3,full_entry,CASH,159915.SZ,,,0,159915.SZ,1.0,False,False,False,,,159915.SZ,1.2628181720091134,,False,0.0,-0.010985915492957687,0.017660044150110465,0.005053340819764163,-0.0020100502512563345,-0.006631927996210485,0.005294176405953532,0.0,0.0,-0.0010000000000000009,33.12706943950192,358,0,False,0,0,1.2628181720091134,1.1059211495350731,,1.1641116103887774,,,1.2628181720091134,1.1059211495350731,0.6216377196030249,1.1641116103887774,-0.604477126644039,0.10394669561067316,0.26329957911058455,0.3652180262591106,0.18132317484968985,0.30075888467073486,0.515256646225122,0.004945211137041827,0,v1_3_naive_score_0p5_5p5_r2_0p25,1.0,1.0,1.0,1.0,1.0,1.0,False,False,False,False,False,,FULL_POSITION,,0,False,False,3.511,1.383,1.79,1.986,2.097,10.064,False,False,False,False,False,False,2026-09-02,2026-09-02,2026-09-02,2026-09-02,2026-09-02,2026-09-02,2026-09-02
2026-03-27,SubD V1.3,减: 豆粕ETF(159985.SZ) (100.00% NAV),159985.SZ,CASH,159985.SZ,CASH,豆粕ETF(159985.SZ),现金,1.0,0.0,1.0,1.0,0.0,-1.0,0.0,1.0,1.0,0.001,-,1.3,full_entry,159985.SZ,CASH,,,0,CASH,0.0,False,False,False,,,CASH,,,False,-0.018047200370199024,0.009193993257738287,-0.0039032006245119932,-0.0023515579071134995,0.0027292576419213344,-0.018047200370199024,0.004656084656084802,-0.018047200370199024,-0.018047200370199024,-0.019029153169828783,33.160229669171095,357,0,False,0,0,,,,,,,0.10438191667903496,-0.5047094497320171,-0.8351341173935867,-0.7816360765179688,0.7422842153998583,-0.9211861501494125,0.025936984233511762,0.6904612629872295,0.8171008678679577,0.8141472067931105,0.14245399384391444,0.725108732056196,0,v1_3_naive_score_0p5_5p5_r2_0p25,1.0,1.0,1.0,1.0,1.0,1.0,False,False,False,False,False,,CASH,,0,False,False,3.293,1.276,1.697,1.837,2.122,9.494,False,False,False,False,False,False,2026-09-02,2026-09-02,2026-09-02,2026-09-02,2026-09-02,2026-09-02,2026-09-02
2026-03-20,SubD V1.3,加: 豆粕ETF(159985.SZ) (100.00% NAV),CASH,159985.SZ,CASH,159985.SZ,现金,豆粕ETF(159985.SZ),0.0,1.0,0.0,0.0,1.0,1.0,1.0,0.0,1.0,0.001,-,1.3,full_entry,CASH,159985.SZ,,,0,159985.SZ,1.0,False,False,False,,,159985.SZ,5.000867768648735,,False,0.0,0.011504692703602881,-0.006875477463712643,-0.010332950631458115,-0.011075949367088556,-0.017379679144385096,-0.02271380604384743,0.0,0.0,-0.0010000000000000009,34.49175208220579,356,0,False,0,0,,,,,5.000867768648735,,0.26272339050349536,-0.3735898992939708,-0.806436091869842,-0.7462857976976298,5.000867768648735,-0.585624656016945,0.11568288464433663,0.6535195239571137,0.7981606249266873,0.6904923973560887,0.7818970153343121,0.37810210916751064,0,v1_3_naive_score_0p5_5p5_r2_0p25,1.0,1.0,1.0,1.0,1.0,1.0,False,False,False,False,False,,FULL_POSITION,,0,False,False,3.341,1.3,1.724,1.875,2.205,9.896,False,False,False,False,False,False,2026-09-02,2026-09-02,2026-09-02,2026-09-02,2026-09-02,2026-09-02,2026-09-02
2026-03-13,SubD V1.3,减: 豆粕ETF(159985.SZ) (100.00% NAV),159985.SZ,CASH,159985.SZ,CASH,豆粕ETF(159985.SZ),现金,1.0,0.0,1.0,1.0,0.0,-1.0,0.0,1.0,1.0,0.001,-,1.3,full_entry,159985.SZ,CASH,,,0,CASH,0.0,False,False,False,,,CASH,,,False,0.039874551971326166,-0.00241837968561065,-0.009042954031650341,-0.004983388704319025,-0.015897435897435863,0.039874551971326166,-0.012433717315779913,0.039874551971326166,0.039874551971326166,0.03883467741935487,34.52627836056636,355,0,False,0,0,,,,,,,-0.0454615901194948,-0.39900319994831646,-0.6470550439877398,-0.45001652427981187,6.302642314981567,0.4068238991142459,0.004492622900175491,0.6743993830655897,0.4191925990268832,0.12252366466117381,0.8193482170502943,0.17152077498777352,0,v1_3_naive_score_0p5_5p5_r2_0p25,1.0,1.0,1.0,1.0,1.0,1.0,False,False,False,False,False,,CASH,,0,False,False,3.3,1.315,1.797,1.919,2.321,10.802,False,False,False,False,False,False,2026-09-02,2026-09-02,2026-09-02,2026-09-02,2026-09-02,2026-09-02,2026-09-02
2026-03-05,SubD V1.3,减: 日经ETF(513520.SH) (100.00% NAV) / 加: 豆粕ETF(159985.SZ) (100.00% NAV),513520.SH,159985.SZ,513520.SH,159985.SZ,日经ETF(513520.SH),豆粕ETF(159985.SZ),1.0,1.0,1.0,1.0,1.0,0.0,1.0,1.0,2.0,0.002,-,1.3,full_entry,513520.SH,159985.SZ,,,0,159985.SZ,1.0,False,False,False,,,159985.SZ,0.8847707923201353,,False,0.030287206266318645,0.016487000634115345,0.02440884820747513,0.021358159912376662,0.030287206266318645,-0.019505233111322462,-0.0014571948998178819,0.030287206266318645,0.030287206266318645,0.028226631853786044,30.68931046562601,354,0,False,0,0,,,,,0.8847707923201353,,-0.2820529327194242,-0.45365889910410406,0.11725205243361447,1.6438498459340636,0.8847707923201353,0.6596698636839524,0.22171728452487172,0.7189669645554464,0.008491119553815651,0.22237824343625645,0.6904236590383117,0.1579429463782448,0,v1_3_naive_score_0p5_5p5_r2_0p25,1.0,1.0,1.0,1.0,1.0,1.0,False,False,False,False,False,,FULL_POSITION,,0,False,False,3.206,1.343,1.865,1.973,2.061,10.964,False,False,False,False,False,False,2026-09-02,2026-09-02,2026-09-02,2026-09-02,2026-09-02,2026-09-02,2026-09-02
2026-03-03,SubD V1.3,减: 德国ETF(513030.SH) (100.00% NAV) / 加: 日经ETF(513520.SH) (100.00% NAV),513030.SH,513520.SH,513030.SH,513520.SH,德国ETF(513030.SH),日经ETF(513520.SH),1.0,1.0,1.0,1.0,1.0,0.0,1.0,1.0,2.0,0.002,-,1.3,full_entry,513030.SH,513520.SH,,,0,513520.SH,1.0,False,False,False,,,513520.SH,4.7730186949126425,0.8505073354446702,False,-0.028089887640449396,-0.023461304082876278,-0.0037397157816004833,-0.028089887640449396,-0.05621162021728865,0.008357915437561703,-0.013839011999649653,-0.028089887640449396,-0.028089887640449396,-0.030033707865168457,31.14045745333585,353,0,False,0,0,,,0.8505073354446702,4.7730186949126425,0.5316757991274443,,-0.08466595765846507,-0.41924899186862574,0.8505073354446702,4.7730186949126425,0.5316757991274443,0.7222811160518896,0.03121427563760415,0.7196354277486983,0.36314399699434263,0.648425352994821,0.7019482088611815,0.14786856136624071,0,v1_3_naive_score_0p5_5p5_r2_0p25,1.0,1.0,1.0,1.0,1.0,1.0,False,False,False,False,False,,FULL_POSITION,,0,False,False,3.205,1.332,1.903,1.998,2.051,11.259,False,False,False,False,False,False,2026-09-02,2026-09-02,2026-09-02,2026-09-02,2026-09-02,2026-09-02,2026-09-02
2026-02-25,SubD V1.3,减: 日经ETF(513520.SH) (100.00% NAV) / 加: 德国ETF(513030.SH) (100.00% NAV),513520.SH,513030.SH,513520.SH,513030.SH,日经ETF(513520.SH),德国ETF(513030.SH),1.0,1.0,1.0,1.0,1.0,0.0,1.0,1.0,2.0,0.002,-,1.3,full_entry,513520.SH,513030.SH,,,0,513030.SH,1.0,False,False,False,,,513030.SH,0.5073289325030945,,False,0.017102137767220915,0.01487101669195745,0.0007396449704140107,-0.005050505050505083,0.017102137767220915,0.009495252373813212,0.0008219178082191636,0.017102137767220915,0.017102137767220915,0.015067933491686558,32.301440075669795,352,0,False,0,0,,,0.5073289325030945,,,,-0.028597317298243996,-0.3729044021718648,0.5073289325030945,5.544985517800601,0.2716409834726077,0.39713598758256374,0.004665346720342578,0.5989710270115302,0.27111490969889085,0.7094353975876945,0.5314812662946635,0.048230149715397186,0,v1_3_naive_score_0p5_5p5_r2_0p25,1.0,1.0,1.0,1.0,1.0,1.0,False,False,False,False,False,,FULL_POSITION,,0,False,False,3.344,1.353,1.97,2.141,2.02,10.959,False,False,False,False,False,False,2026-09-02,2026-09-02,2026-09-02,2026-09-02,2026-09-02,2026-09-02,2026-09-02
2026-02-10,SubD V1.3,加: 日经ETF(513520.SH) (100.00% NAV),CASH,513520.SH,CASH,513520.SH,现金,日经ETF(513520.SH),0.0,1.0,0.0,0.0,1.0,1.0,1.0,0.0,1.0,0.001,-,1.3,full_entry,CASH,513520.SH,,,0,513520.SH,1.0,False,False,False,,,513520.SH,0.7756575036186859,,False,0.0,-0.003011141222523439,0.002188183807440014,0.01053185887309116,0.036923076923076836,-0.005037783375314908,-0.00466461423640252,0.0,0.0,-0.0010000000000000009,30.567211879623006,351,0,False,0,0,,,,0.7756575036186859,,,-0.15892625913793734,-0.3685122157949521,-0.2624020648074161,0.7756575036186859,0.10011203366530563,1.285170553450858,0.14877727003636698,0.5163579757807475,0.25146572934486955,0.3631472840631519,0.16762821787863535,0.16632602909528504,0,v1_3_naive_score_0p5_5p5_r2_0p25,1.0,1.0,1.0,1.0,1.0,1.0,False,False,False,False,False,,FULL_POSITION,,0,False,False,3.311,1.374,1.919,2.022,1.975,10.669,False,False,False,False,False,False,2026-09-02,2026-09-02,2026-09-02,2026-09-02,2026-09-02,2026-09-02,2026-09-02
2026-02-09,SubD V1.3,减: 黄金ETF(518880.SH) (100.00% NAV),518880.SH,CASH,518880.SH,CASH,黄金ETF(518880.SH),现金,1.0,0.0,1.0,1.0,0.0,-1.0,0.0,1.0,1.0,0.001,-,1.3,full_entry,518880.SH,CASH,,,0,CASH,0.0,False,False,False,,,CASH,,,False,0.03495220623732753,0.02849179312480654,0.020089285714285587,0.019871106337271627,0.032292218104817305,0.0015136226034309086,0.03495220623732753,0.03495220623732753,0.03495220623732753,0.03391725403109014,30.597809689312317,350,0,False,0,0,,,,,,,-0.19078027019877297,-0.3831865148553787,-0.32526395706040245,0.3974106742645378,0.11395701363888766,1.7082424612437808,0.209298653333295,0.5329038387406738,0.3920389051665003,0.3022589688064279,0.19813395678236234,0.21480774436598682,0,v1_3_naive_score_0p5_5p5_r2_0p25,1.0,1.0,1.0,1.0,1.0,1.0,False,False,False,False,False,,CASH,,0,False,False,3.321,1.371,1.899,1.95,1.985,10.719,False,False,False,False,False,False,2026-09-02,2026-09-02,2026-09-02,2026-09-02,2026-09-02,2026-09-02,2026-09-02
2026-02-03,SubD V1.3,加: 黄金ETF(518880.SH) (100.00% NAV),CASH,518880.SH,CASH,518880.SH,现金,黄金ETF(518880.SH),0.0,1.0,0.0,0.0,1.0,1.0,1.0,0.0,1.0,0.001,-,1.3,full_entry,CASH,518880.SH,,,0,518880.SH,1.0,False,False,False,,,518880.SH,5.12515858406748,,False,0.0,0.018757687576875792,0.021339220014716664,0.022102425876010745,0.0395663956639567,-0.001519756838905706,0.051877270892208394,0.0,0.0,-0.0010000000000000009,29.779791227183242,349,0,False,0,0,,,,,,5.12515858406748,-0.015380293852582327,-0.271521699586622,-0.22186277886407046,0.40148524738192504,0.10749439973155828,5.12515858406748,0.0014853054054658754,0.36829424814720413,0.1466533666462022,0.32824013226034465,0.14141637988180833,0.4784330050980894,0,v1_3_naive_score_0p5_5p5_r2_0p25,1.0,1.0,1.0,1.0,1.0,1.0,False,False,False,False,False,,FULL_POSITION,,0,False,False,3.313,1.388,1.896,1.918,1.971,10.422,False,False,False,False,False,False,2026-09-02,2026-09-02,2026-09-02,2026-09-02,2026-09-02,2026-09-02,2026-09-02
2026-02-02,SubD V1.3,减: 日经ETF(513520.SH) (100.00% NAV),513520.SH,CASH,513520.SH,CASH,日经ETF(513520.SH),现金,1.0,0.0,1.0,1.0,0.0,-1.0,0.0,1.0,1.0,0.001,-,1.3,full_entry,513520.SH,CASH,,,0,CASH,0.0,False,False,False,,,CASH,,,False,-0.021220159151193685,-0.024887556221889096,-0.026504297994269232,-0.01591511936339529,-0.021220159151193685,-0.004036326942482349,-0.10000908347715509,-0.021220159151193685,-0.021220159151193685,-0.022198938992042505,29.809600828011252,348,0,False,0,0,,,,,,,0.010137261703451639,-0.2723239004898623,-0.18731748029980766,0.35536530410648925,0.12534754592411712,6.964193359430372,0.000537178605176436,0.35707685002340317,0.09332307730495182,0.28311289251918126,0.1767314244920335,0.5711706011776783,0,v1_3_naive_score_0p5_5p5_r2_0p25,1.0,1.0,1.0,1.0,1.0,1.0,False,False,False,False,False,,CASH,,0,False,False,3.252,1.359,1.855,1.845,1.974,9.908,False,False,False,False,False,False,2026-09-02,2026-09-02,2026-09-02,2026-09-02,2026-09-02,2026-09-02,2026-09-02
2026-01-28,SubD V1.3,减: 黄金ETF(518880.SH) (100.00% NAV) / 加: 日经ETF(513520.SH) (100.00% NAV),518880.SH,513520.SH,518880.SH,513520.SH,黄金ETF(518880.SH),日经ETF(513520.SH),1.0,1.0,1.0,1.0,1.0,0.0,1.0,1.0,2.0,0.002,-,1.3,full_entry,518880.SH,513520.SH,,,0,513520.SH,1.0,False,False,False,,,513520.SH,0.6531015028408715,,False,0.03164441192610212,-0.006011421701232367,0.010691375623663513,0.005197505197505281,0.01377848436671969,0.0076142131979695105,0.03164441192610212,0.03164441192610212,0.03164441192610212,0.029581123102249807,30.93921367654133,347,0,False,0,0,,,,0.6531015028408715,,,0.25497135473105415,-0.2227066117124844,0.1047107456985863,0.6531015028408715,0.04309252599501834,7.495508041992736,0.21059689513612245,0.3551266946052156,0.023860288982087585,0.6118029513037079,0.044495003141591716,0.8400347561697699,0,v1_3_naive_score_0p5_5p5_r2_0p25,1.0,1.0,1.0,1.0,1.0,1.0,False,False,False,False,False,,FULL_POSITION,,0,False,False,3.307,1.418,1.934,1.913,1.985,11.28,False,False,False,False,False,False,2026-09-02,2026-09-02,2026-09-02,2026-09-02,2026-09-02,2026-09-02,2026-09-02
2026-01-20,SubD V1.3,减: 创业板100ETF(159915.SZ) (100.00% NAV) / 加: 黄金ETF(518880.SH) (100.00% NAV),159915.SZ,518880.SH,159915.SZ,518880.SH,创业板100ETF(159915.SZ),黄金ETF(518880.SH),1.0,1.0,1.0,1.0,1.0,0.0,1.0,1.0,2.0,0.002,-,1.3,full_entry,159915.SZ,518880.SH,,,0,518880.SH,1.0,False,False,False,,,518880.SH,1.280294647646763,0.9723563955673722,False,-0.016576250753466026,-0.016576250753466026,-0.006451612903225934,-0.007903055848261231,-0.013290802764486909,-0.0015298317185110655,0.007595442734359414,-0.016576250753466026,-0.016576250753466026,-0.0185430982519591,27.70871106458393,346,0,False,0,0,0.9723563955673722,,0.6709666820652813,0.7736212486728138,,1.280294647646763,0.9723563955673722,-0.20631879079673088,0.6709666820652813,0.7736212486728138,0.06546544583559699,1.280294647646763,0.6335406066278002,0.3482695556775073,0.37687272960499274,0.6369221904870263,0.07792914876630919,0.6925116170278998,0,v1_3_naive_score_0p5_5p5_r2_0p25,1.0,1.0,1.0,1.0,1.0,1.0,False,False,False,False,False,,FULL_POSITION,,0,False,False,3.263,1.386,1.883,1.856,1.958,10.082,False,False,False,False,False,False,2026-09-02,2026-09-02,2026-09-02,2026-09-02,2026-09-02,2026-09-02,2026-09-02
2026-01-05,SubD V1.3,减: 黄金ETF(518880.SH) (100.00% NAV) / 加: 创业板100ETF(159915.SZ) (100.00% NAV),518880.SH,159915.SZ,518880.SH,159915.SZ,黄金ETF(518880.SH),创业板100ETF(159915.SZ),1.0,1.0,1.0,1.0,1.0,0.0,1.0,1.0,2.0,0.002,-,1.3,full_entry,518880.SH,159915.SZ,,,0,159915.SZ,1.0,False,False,False,,,159915.SZ,0.8174353656840554,0.8064610571006716,False,0.02085797226104713,0.029817953546767084,0.012031139419674375,0.009615384615384581,0.021181716833890807,0.0035915854284247484,0.02085797226104713,0.02085797226104713,0.02085797226104713,0.01881625631652506,27.917398082373722,345,0,False,0,0,0.8174353656840554,,,,,0.8064610571006716,0.8174353656840554,-0.13529647875751882,0.28102200656352805,-0.19762382219154417,0.04820020203944675,0.8064610571006716,0.5464314064744414,0.10640317675276922,0.5521997283936073,0.18557974714335934,0.042111515884884154,0.4971960719693822,0,v1_3_naive_score_0p5_5p5_r2_0p25,1.0,1.0,1.0,1.0,1.0,1.0,False,False,False,False,False,,FULL_POSITION,,0,False,False,3.281,1.43,1.89,1.832,1.956,9.495,False,False,False,False,False,False,2026-09-02,2026-09-02,2026-09-02,2026-09-02,2026-09-02,2026-09-02,2026-09-02
2025-12-22,SubD V1.3,减: 创业板100ETF(159915.SZ) (100.00% NAV) / 加: 黄金ETF(518880.SH) (100.00% NAV),159915.SZ,518880.SH,159915.SZ,518880.SH,创业板100ETF(159915.SZ),黄金ETF(518880.SH),1.0,1.0,1.0,1.0,1.0,0.0,1.0,1.0,2.0,0.002,-,1.3,full_entry,159915.SZ,518880.SH,,,0,518880.SH,1.0,False,False,False,,,518880.SH,0.8691396428058384,0.8200910431006687,False,0.021886063727067695,0.021886063727067695,0.019094766619519143,0.01024811218985966,0.009335529928610642,-0.0010266940451745254,0.021260603457532223,0.021886063727067695,0.021886063727067695,0.019842291599613482,28.020482583012946,344,0,False,0,0,0.8200910431006687,,,,,0.8691396428058384,0.8200910431006687,-0.18393690675132746,0.19814288892265886,-0.21639414474624963,-0.3042722748741611,0.8691396428058384,0.41533814477362074,0.10164492614823328,0.3440914138844693,0.13523814351675356,0.6028598757821855,0.7849097073077234,0,v1_3_naive_score_0p5_5p5_r2_0p25,1.0,1.0,1.0,1.0,1.0,1.0,False,False,False,False,False,,FULL_POSITION,,0,False,False,3.175,1.441,1.873,1.838,1.946,9.511,False,False,False,False,False,False,2026-09-02,2026-09-02,2026-09-02,2026-09-02,2026-09-02,2026-09-02,2026-09-02
2025-12-11,SubD V1.3,加: 创业板100ETF(159915.SZ) (100.00% NAV),CASH,159915.SZ,CASH,159915.SZ,现金,创业板100ETF(159915.SZ),0.0,1.0,0.0,0.0,1.0,1.0,1.0,0.0,1.0,0.001,-,1.3,full_entry,CASH,159915.SZ,,,0,159915.SZ,1.0,False,False,False,,,159915.SZ,0.7468302502135911,,False,0.0,-0.01441102756892243,-0.008333333333333304,-0.00324324324324321,-0.014138118542686207,-0.0035915854284248594,0.0016492578339746267,0.0,0.0,-0.0010000000000000009,27.82018784219107,343,0,False,0,0,0.7468302502135911,,,,,,0.7468302502135911,0.25761765747475995,0.012048334435411201,-0.14498813501863828,-0.30536086726221445,0.31321062046720094,0.25589783089884544,0.1144335062116234,0.001229189913705353,0.035946864266054535,0.42365405531078604,0.36509452385098073,0,v1_3_naive_score_0p5_5p5_r2_0p25,1.0,1.0,1.0,1.0,1.0,1.0,False,False,False,False,False,,FULL_POSITION,,0,False,False,3.146,1.428,1.844,1.813,1.942,9.11,False,False,False,False,False,False,2026-09-02,2026-09-02,2026-09-02,2026-09-02,2026-09-02,2026-09-02,2026-09-02
2025-11-17,SubD V1.3,减: 纳指ETF(159941.SZ) (100.00% NAV),159941.SZ,CASH,159941.SZ,CASH,纳指ETF(159941.SZ),现金,1.0,0.0,1.0,1.0,0.0,-1.0,0.0,1.0,1.0,0.001,-,1.3,full_entry,159941.SZ,CASH,,,0,CASH,0.0,False,False,False,,,CASH,,,False,0.0007007708479327412,-0.0029097963142579175,0.0007007708479327412,-0.005888650963597475,-0.012098895318253589,-0.01501501501501501,-0.023526824978012395,0.0007007708479327412,0.0007007708479327412,-0.0002999299229151653,27.84803587806914,342,0,False,0,0,,,,,,,0.10319524034568217,0.4686419848527501,-0.10064394597727866,0.22199298147055568,0.29942603770766674,0.0022767833937238358,0.01114667983717832,0.20666552472496102,0.0716043116563575,0.048726768524986364,0.5948150827537138,5.988085612029792e-06,0,v1_3_naive_score_0p5_5p5_r2_0p25,1.0,1.0,1.0,1.0,1.0,1.0,False,False,False,False,False,,CASH,,0,False,False,3.084,1.428,1.857,1.878,1.968,8.882,False,False,False,False,False,False,2026-09-02,2026-09-02,2026-09-02,2026-09-02,2026-09-02,2026-09-02,2026-09-02
2025-11-13,SubD V1.3,减: 日经ETF(513520.SH) (100.00% NAV) / 加: 纳指ETF(159941.SZ) (100.00% NAV),513520.SH,159941.SZ,513520.SH,159941.SZ,日经ETF(513520.SH),纳指ETF(159941.SZ),1.0,1.0,1.0,1.0,1.0,0.0,1.0,1.0,2.0,0.002,-,1.3,full_entry,513520.SH,159941.SZ,,,0,159941.SZ,1.0,False,False,False,,,159941.SZ,1.1584303085032044,1.1227322908478858,False,-0.006122448979591799,0.023809523809523725,-0.0033967391304347005,0.007966011683483654,-0.006122448979591799,0.0025316455696202667,0.016170118507033093,-0.006122448979591799,-0.006122448979591799,-0.008110204081632655,28.6372287084896,341,0,False,0,0,,1.1584303085032044,,1.1227322908478858,,,0.5674346591634669,1.1584303085032044,-0.05938162659029411,1.1227322908478858,0.3102495584837175,-0.13478251524931517,0.18809584588686723,0.5583449706707164,0.02166371217771179,0.4413889929289938,0.6671859202044546,0.02050695017620574,0,v1_3_naive_score_0p5_5p5_r2_0p25,1.0,1.0,1.0,1.0,1.0,1.0,False,False,False,False,False,,FULL_POSITION,,0,False,False,3.182,1.467,1.898,1.948,1.98,9.175,False,False,False,False,False,False,2026-09-02,2026-09-02,2026-09-02,2026-09-02,2026-09-02,2026-09-02,2026-09-02
2025-11-05,SubD V1.3,减: 纳指ETF(159941.SZ) (100.00% NAV) / 加: 日经ETF(513520.SH) (100.00% NAV),159941.SZ,513520.SH,159941.SZ,513520.SH,纳指ETF(159941.SZ),日经ETF(513520.SH),1.0,1.0,1.0,1.0,1.0,0.0,1.0,1.0,2.0,0.002,-,1.3,full_entry,159941.SZ,513520.SH,,,0,513520.SH,1.0,False,False,False,,,513520.SH,4.835001922825837,2.281649718399471,False,-0.007660167130919104,0.009640102827763508,-0.007660167130919104,-0.004843918191603902,-0.00932642487046631,0.016393442622950838,-0.003548128648277471,-0.007660167130919104,-0.007660167130919104,-0.009644846796657225,28.16432726368142,340,0,False,0,0,,2.281649718399471,,4.835001922825837,,,0.7599862567689231,2.281649718399471,0.05795963705573781,4.835001922825837,0.24886977242112573,-0.2094666358305336,0.17767983082945593,0.705608701198631,0.01657387430845203,0.7607392938529717,0.4315434755899641,0.02942879030227008,0,v1_3_naive_score_0p5_5p5_r2_0p25,1.0,1.0,1.0,1.0,1.0,1.0,False,False,False,False,False,,FULL_POSITION,,0,False,False,3.142,1.425,1.849,1.912,1.984,8.706,False,False,False,False,False,False,2026-09-02,2026-09-02,2026-09-02,2026-09-02,2026-09-02,2026-09-02,2026-09-02
2025-10-29,SubD V1.3,减: 黄金ETF(518880.SH) (100.00% NAV) / 加: 纳指ETF(159941.SZ) (100.00% NAV),518880.SH,159941.SZ,518880.SH,159941.SZ,黄金ETF(518880.SH),纳指ETF(159941.SZ),1.0,1.0,1.0,1.0,1.0,0.0,1.0,1.0,2.0,0.002,-,1.3,full_entry,518880.SH,159941.SZ,,,0,159941.SZ,1.0,False,False,False,,,159941.SZ,2.998086239525208,1.7094450567925894,False,0.01105036640688617,0.029641185647425905,0.01717032967032983,-0.002109704641350185,0.02428940568475446,-0.003555104113763363,0.01105036640688617,0.01105036640688617,0.01105036640688617,0.009028265674072333,29.329795505053745,339,0,False,0,0,,2.998086239525208,0.5696911665966145,,,1.7094450567925894,0.34576962547076096,2.998086239525208,0.5696911665966145,8.086365820489293,0.07331782904117423,1.7094450567925894,0.04024234697644735,0.792048279408313,0.6943863333803766,0.8753186802820668,0.043742180534413255,0.25511075861833077,0,v1_3_naive_score_0p5_5p5_r2_0p25,1.0,1.0,1.0,1.0,1.0,1.0,False,False,False,False,False,,FULL_POSITION,,0,False,False,3.3,1.481,1.892,1.982,1.962,8.692,False,False,False,False,False,False,2026-09-02,2026-09-02,2026-09-02,2026-09-02,2026-09-02,2026-09-02,2026-09-02
2025-10-27,SubD V1.3,减: 纳指ETF(159941.SZ) (100.00% NAV) / 加: 黄金ETF(518880.SH) (100.00% NAV),159941.SZ,518880.SH,159941.SZ,518880.SH,纳指ETF(159941.SZ),黄金ETF(518880.SH),1.0,1.0,1.0,1.0,1.0,0.0,1.0,1.0,2.0,0.002,-,1.3,full_entry,159941.SZ,518880.SH,,,0,518880.SH,1.0,False,False,False,,,518880.SH,4.874078218586177,2.047783813469783,False,0.019580419580419672,0.01970130282809035,0.019580419580419672,0.006339144215530945,0.023280423280423346,0.007672634271099765,-0.004022346368715013,0.019580419580419672,0.019580419580419672,0.01754125874125889,30.139178164433915,338,0,False,0,0,,2.047783813469783,0.5632209407883402,,,4.874078218586177,-0.18724216628033907,2.047783813469783,0.5632209407883402,6.578212098376646,-0.0687624746980765,4.874078218586177,0.02619711679300929,0.7354264105883841,0.6509576899020648,0.8237076309329988,0.041465069295324675,0.6268035441717942,0,v1_3_naive_score_0p5_5p5_r2_0p25,1.0,1.0,1.0,1.0,1.0,1.0,False,False,False,False,False,,FULL_POSITION,,0,False,False,3.209,1.458,1.905,1.934,1.97,8.914,False,False,False,False,False,False,2026-09-02,2026-09-02,2026-09-02,2026-09-02,2026-09-02,2026-09-02,2026-09-02
2025-10-24,SubD V1.3,减: 日经ETF(513520.SH) (100.00% NAV) / 加: 纳指ETF(159941.SZ) (100.00% NAV),513520.SH,159941.SZ,513520.SH,159941.SZ,日经ETF(513520.SH),纳指ETF(159941.SZ),1.0,1.0,1.0,1.0,1.0,0.0,1.0,1.0,2.0,0.002,-,1.3,full_entry,513520.SH,159941.SZ,,,0,159941.SZ,1.0,False,False,False,,,159941.SZ,1.5889780848380637,,False,0.0021208907741250282,0.0358788676761026,0.014184397163120588,0.004777070063694433,0.0021208907741250282,-0.0025510204081632404,-0.004892150322437283,0.0021208907741250282,0.0021208907741250282,0.00011664899257679551,29.61961287124351,337,0,False,0,0,,1.5889780848380637,,,,,-0.34980645906099217,1.5889780848380637,0.48769516319594985,5.761149231163877,-0.15951052268771804,6.6702619505405325,0.12465042837015905,0.7266304105672731,0.5842348949532032,0.7890672114218922,0.24311388458316985,0.7286875954583845,0,v1_3_naive_score_0p5_5p5_r2_0p25,1.0,1.0,1.0,1.0,1.0,1.0,False,False,False,False,False,,FULL_POSITION,,0,False,False,3.147,1.43,1.893,1.89,1.955,8.95,False,False,False,False,False,False,2026-09-02,2026-09-02,2026-09-02,2026-09-02,2026-09-02,2026-09-02,2026-09-02
2025-10-15,SubD V1.3,减: 黄金ETF(518880.SH) (100.00% NAV) / 加: 日经ETF(513520.SH) (100.00% NAV),518880.SH,513520.SH,518880.SH,513520.SH,黄金ETF(518880.SH),日经ETF(513520.SH),1.0,1.0,1.0,1.0,1.0,0.0,1.0,1.0,2.0,0.002,-,1.3,full_entry,518880.SH,513520.SH,,,0,513520.SH,1.0,False,False,False,,,513520.SH,1.1894465396575247,,False,0.02350713012477712,0.023517382413087873,0.016528925619834656,0.009184224743381986,0.030867792661618987,0.0,0.02350713012477712,0.02350713012477712,0.02350713012477712,0.021460115864527562,27.794591713639463,336,0,False,0,0,,1.0799383363258546,,1.1894465396575247,,,0.45502239156448443,1.0799383363258546,0.18346040816223375,1.1894465396575247,-0.370345555309319,5.520907775825281,0.0710378107843268,0.7987015186798124,0.17744374243086325,0.6481199265718509,0.8017397624455578,0.799700809927234,0,v1_3_naive_score_0p5_5p5_r2_0p25,1.0,1.0,1.0,1.0,1.0,1.0,False,False,False,False,False,,FULL_POSITION,,0,False,False,3.003,1.353,1.868,1.77,1.938,9.187,False,False,False,False,False,False,2026-09-02,2026-09-02,2026-09-02,2026-09-02,2026-09-02,2026-09-02,2026-09-02
2025-10-13,SubD V1.3,减: 创业板100ETF(159915.SZ) (100.00% NAV) / 加: 黄金ETF(518880.SH) (100.00% NAV),159915.SZ,518880.SH,159915.SZ,518880.SH,创业板100ETF(159915.SZ),黄金ETF(518880.SH),1.0,1.0,1.0,1.0,1.0,0.0,1.0,1.0,2.0,0.002,-,1.3,full_entry,159915.SZ,518880.SH,,,0,518880.SH,1.0,False,False,False,,,518880.SH,3.097715133214142,1.969426975692118,False,-0.013247172859450873,-0.013247172859450873,-0.013909224011713128,-0.006393180607352167,-0.006343713956170616,0.006188757091284192,0.029876772843524746,-0.013247172859450873,-0.013247172859450873,-0.015220678513731989,26.85596380429652,335,0,False,0,0,1.969426975692118,1.3776518591369178,,1.1717458859566694,,3.097715133214142,1.969426975692118,1.3776518591369178,0.12124638208432126,1.1717458859566694,-0.3780604157898003,3.097715133214142,0.5581868471627895,0.9021923401568535,0.08120036945061604,0.6494731446964135,0.7828657518382012,0.7660557921101447,0,v1_3_naive_score_0p5_5p5_r2_0p25,1.0,1.0,1.0,1.0,1.0,1.0,False,False,False,False,False,,FULL_POSITION,,0,False,False,3.054,1.347,1.865,1.723,1.951,8.859,False,False,False,False,False,False,2026-09-02,2026-09-02,2026-09-02,2026-09-02,2026-09-02,2026-09-02,2026-09-02
2025-09-19,SubD V1.3,减: 黄金ETF(518880.SH) (100.00% NAV) / 加: 创业板100ETF(159915.SZ) (100.00% NAV),518880.SH,159915.SZ,518880.SH,159915.SZ,黄金ETF(518880.SH),创业板100ETF(159915.SZ),1.0,1.0,1.0,1.0,1.0,0.0,1.0,1.0,2.0,0.002,-,1.3,full_entry,518880.SH,159915.SZ,,,0,159915.SZ,1.0,False,False,False,,,159915.SZ,5.192389912889313,1.519457619453223,False,0.004578987534978429,-0.0016302575806979025,0.002295332823259555,0.00928454396504641,-0.020000000000000018,0.005555555555555536,0.004578987534978429,0.004578987534978429,0.004578987534978429,0.0025698295599083654,26.980273962711262,334,0,False,0,0,5.192389912889313,0.5758428407316418,,1.1907821953247395,,1.519457619453223,5.192389912889313,0.5758428407316418,-0.19714690676996516,1.1907821953247395,-0.06711034949111117,1.519457619453223,0.8349328942411695,0.6858270101785411,0.5902074782064075,0.7156414346943708,0.08015073168406739,0.7864527252254161,0,v1_3_naive_score_0p5_5p5_r2_0p25,1.0,1.0,1.0,1.0,1.0,1.0,False,False,False,False,False,,FULL_POSITION,,0,False,False,3.062,1.31,1.848,1.666,1.991,7.898,False,False,False,False,False,False,2026-09-02,2026-09-02,2026-09-02,2026-09-02,2026-09-02,2026-09-02,2026-09-02
2025-09-03,SubD V1.3,加: 黄金ETF(518880.SH) (100.00% NAV),CASH,518880.SH,CASH,518880.SH,现金,黄金ETF(518880.SH),0.0,1.0,0.0,0.0,1.0,1.0,1.0,0.0,1.0,0.001,-,1.3,full_entry,CASH,518880.SH,,,0,518880.SH,1.0,False,False,False,,,518880.SH,0.5321962422974484,,False,0.0,0.0077247191011236005,-0.0015898251192368873,-0.01768488745980712,-0.01133501259445846,0.011546184738955967,0.01277705345501956,0.0,0.0,-0.0010000000000000009,26.589361064791156,333,0,False,0,0,,,,,,0.5321962422974484,17.664501884420474,-0.13590289513177445,-0.17460741922573986,0.04742258964270074,0.06261685049793408,0.5321962422974484,0.9530435589560262,0.1333346340489182,0.2663212210956841,0.005050461440013976,0.026050002454660603,0.41901739637388047,0,v1_3_naive_score_0p5_5p5_r2_0p25,1.0,1.0,1.0,1.0,1.0,1.0,False,False,False,False,False,,FULL_POSITION,,0,False,False,2.87,1.256,1.833,1.57,2.015,7.768,False,False,False,False,False,False,2026-09-02,2026-09-02,2026-09-02,2026-09-02,2026-09-02,2026-09-02,2026-09-02
2025-09-01,SubD V1.3,减: 日经ETF(513520.SH) (100.00% NAV),513520.SH,CASH,513520.SH,CASH,日经ETF(513520.SH),现金,1.0,0.0,1.0,1.0,0.0,-1.0,0.0,1.0,1.0,0.001,-,1.3,full_entry,513520.SH,CASH,,,0,CASH,0.0,False,False,False,,,CASH,,,False,-0.008744534665833914,0.02164048865619539,-0.011014948859165985,0.004854368932038833,-0.008744534665833914,0.006526104417670542,0.021506812717071888,-0.008744534665833914,-0.008744534665833914,-0.009735790131168098,26.615977041832988,332,0,False,0,0,,,,,,,18.195623828007662,-0.024875276410980196,-0.07732205876654819,0.39078803769905157,0.11200602852081532,0.18810594785640933,0.9420363234408119,0.003991476448722442,0.06865236311487977,0.19661650623320304,0.06404773426898602,0.19763264111188195,0,v1_3_naive_score_0p5_5p5_r2_0p25,1.0,1.0,1.0,1.0,1.0,1.0,False,False,False,False,False,,CASH,,0,False,False,2.927,1.257,1.863,1.587,2.005,7.647,False,False,False,False,False,False,2026-09-02,2026-09-02,2026-09-02,2026-09-02,2026-09-02,2026-09-02,2026-09-02
2025-08-22,SubD V1.3,减: 创业板100ETF(159915.SZ) (100.00% NAV) / 加: 日经ETF(513520.SH) (100.00% NAV),159915.SZ,513520.SH,159915.SZ,513520.SH,创业板100ETF(159915.SZ),日经ETF(513520.SH),1.0,1.0,1.0,1.0,1.0,0.0,1.0,1.0,2.0,0.002,-,1.3,full_entry,159915.SZ,513520.SH,,,0,513520.SH,1.0,False,False,False,,,513520.SH,1.3310171881535728,,False,0.03499222395023316,0.03499222395023316,-0.009463722397476393,-0.0031982942430702765,-0.004369538077403368,-0.00851276915373067,-0.002163916689207457,0.03499222395023316,0.03499222395023316,0.03292223950233275,26.776923982409397,331,0,False,0,0,,,,1.3310171881535728,,,5.515609032749109,0.2083189832333956,0.013593063753459367,1.3310171881535728,0.48782809376031944,-0.06622863963365722,0.7942287447939491,0.14484734167087465,0.0013873718812517088,0.6224953162271831,0.46549179826147713,0.08777729889891794,0,v1_3_naive_score_0p5_5p5_r2_0p25,1.0,1.0,1.0,1.0,1.0,1.0,False,False,False,False,False,,FULL_POSITION,,0,False,False,2.662,1.256,1.87,1.595,1.98,7.378,False,False,False,False,False,False,2026-09-02,2026-09-02,2026-09-02,2026-09-02,2026-09-02,2026-09-02,2026-09-02
2025-06-26,SubD V1.3,加: 创业板100ETF(159915.SZ) (100.00% NAV),CASH,159915.SZ,CASH,159915.SZ,现金,创业板100ETF(159915.SZ),0.0,1.0,0.0,0.0,1.0,1.0,1.0,0.0,1.0,0.001,-,1.3,full_entry,CASH,159915.SZ,,,0,159915.SZ,1.0,False,False,False,,,159915.SZ,0.6043754312832943,,False,0.0,-0.007586533902323334,0.0024958402662229595,0.0005370569280342963,0.02288021534320328,-0.015447991761071034,0.0017586580086579318,0.0,0.0,-0.0009999999999998899,21.095572774091696,330,0,False,0,0,0.6043754312832943,,,,,,0.6043754312832943,0.24524533478318444,-0.28831019281604287,0.34832241142683373,0.19027727147715057,-0.015288561178031679,0.37842572533933516,0.2668015214906623,0.3872984403522798,0.3722775782533698,0.08079198207415683,0.0019145216723023273,0,v1_3_naive_score_0p5_5p5_r2_0p25,1.0,1.0,1.0,1.0,1.0,1.0,False,False,False,False,False,,FULL_POSITION,,0,False,False,2.093,1.205,1.863,1.52,1.912,7.405,False,False,False,False,False,False,2026-09-02,2026-09-02,2026-09-02,2026-09-02,2026-09-02,2026-09-02,2026-09-02
2025-06-25,SubD V1.3,减: 豆粕ETF(159985.SZ) (100.00% NAV),159985.SZ,CASH,159985.SZ,CASH,豆粕ETF(159985.SZ),现金,1.0,0.0,1.0,1.0,0.0,-1.0,0.0,1.0,1.0,0.001,-,1.3,full_entry,159985.SZ,CASH,,,0,CASH,0.0,False,False,False,,,CASH,,,False,-0.013211382113821113,0.03180039138943247,0.0016666666666667052,0.0,0.0013477088948787852,-0.013211382113821113,0.0027129679869777323,-0.013211382113821113,-0.013211382113821113,-0.01419817073170726,21.11668946355525,329,0,False,0,0,,,,,,,0.44513174398388733,0.18032754379390825,-0.33186243004189986,0.2031726091757564,0.41986979432054117,0.024566002450169933,0.28274232282930656,0.1868045767025014,0.5022863661137851,0.30888203256031543,0.3865071992575715,0.004582716900044748,0,v1_3_naive_score_0p5_5p5_r2_0p25,1.0,1.0,1.0,1.0,1.0,1.0,False,False,False,False,False,,CASH,,0,False,False,2.109,1.202,1.862,1.486,1.942,7.392,False,False,False,False,False,False,2026-09-02,2026-09-02,2026-09-02,2026-09-02,2026-09-02,2026-09-02,2026-09-02
2025-06-12,SubD V1.3,加: 豆粕ETF(159985.SZ) (100.00% NAV),CASH,159985.SZ,CASH,159985.SZ,现金,豆粕ETF(159985.SZ),0.0,1.0,0.0,0.0,1.0,1.0,1.0,0.0,1.0,0.001,-,1.3,full_entry,CASH,159985.SZ,,,0,159985.SZ,1.0,False,False,False,,,159985.SZ,0.5719865139718867,,False,0.0,0.0009813542688912325,-0.003372681281618939,-0.003735325506937115,0.001361470388019148,0.0015174506828528056,0.009289176090468532,0.0,0.0,-0.0010000000000000009,21.551440801171612,328,0,False,0,0,,,,,0.5719865139718867,,0.1671067905186716,0.3407445711250985,0.10135397743040575,0.23801669797029512,0.5719865139718867,0.35761537106745966,0.08238897740917073,0.4224643481792002,0.08223644644650108,0.5729951244237796,0.6354356954905899,0.3306955555475176,0,v1_3_naive_score_0p5_5p5_r2_0p25,1.0,1.0,1.0,1.0,1.0,1.0,False,False,False,False,False,,FULL_POSITION,,0,False,False,2.04,1.182,1.867,1.471,1.98,7.497,False,False,False,False,False,False,2026-09-02,2026-09-02,2026-09-02,2026-09-02,2026-09-02,2026-09-02,2026-09-02
2025-06-10,SubD V1.3,减: 纳指ETF(159941.SZ) (100.00% NAV),159941.SZ,CASH,159941.SZ,CASH,纳指ETF(159941.SZ),现金,1.0,0.0,1.0,1.0,0.0,-1.0,0.0,1.0,1.0,0.001,-,1.3,full_entry,159941.SZ,CASH,,,0,CASH,0.0,False,False,False,,,CASH,,,False,0.0008467400508043177,-0.010816125860373504,0.0008467400508043177,-0.006900212314224996,0.0006821282401092699,0.0035677879714577365,0.0006756756756756133,0.0008467400508043177,0.0008467400508043177,-0.00015410668924664694,21.5730138149866,327,0,False,0,0,,,,,,,0.007508889784916262,0.4644718484487451,0.22678100882571295,0.21479594023485227,0.3590916925255072,0.2558821496571164,0.00021697341920623447,0.44686717762360195,0.29001154979093324,0.4923350930707102,0.47305135489425876,0.15127241107646283,0,v1_3_naive_score_0p5_5p5_r2_0p25,1.0,1.0,1.0,1.0,1.0,1.0,False,False,False,False,False,,CASH,,0,False,False,2.012,1.182,1.871,1.467,1.969,7.405,False,False,False,False,False,False,2026-09-02,2026-09-02,2026-09-02,2026-09-02,2026-09-02,2026-09-02,2026-09-02
2025-05-16,SubD V1.3,减: 德国ETF(513030.SH) (100.00% NAV) / 加: 纳指ETF(159941.SZ) (100.00% NAV),513030.SH,159941.SZ,513030.SH,159941.SZ,德国ETF(513030.SH),纳指ETF(159941.SZ),1.0,1.0,1.0,1.0,1.0,0.0,1.0,1.0,2.0,0.002,-,1.3,full_entry,513030.SH,159941.SZ,,,0,159941.SZ,1.0,False,False,False,,,159941.SZ,3.8136011162826646,3.1746634281728117,False,0.02367841409691618,-0.001988071570576566,0.0017035775127769437,0.02367841409691618,0.0027681660899654403,-0.004181913225300593,0.01628433871424506,0.02367841409691618,0.02367841409691618,0.021631057268722387,21.484991121768335,326,0,False,0,0,2.09042188699599,3.8136011162826646,3.1746634281728117,1.0662807667482816,,,2.09042188699599,3.8136011162826646,3.1746634281728117,1.0662807667482816,-0.4216806266552595,-0.45557085638905803,0.8262603853012744,0.8608247528684103,0.809879793281545,0.8649698514162476,0.7715809556428643,0.29010672196912,0,v1_3_naive_score_0p5_5p5_r2_0p25,1.0,1.0,1.0,1.0,1.0,1.0,False,False,False,False,False,,FULL_POSITION,,0,False,False,2.008,1.176,1.859,1.449,1.905,7.177,False,False,False,False,False,False,2026-09-02,2026-09-02,2026-09-02,2026-09-02,2026-09-02,2026-09-02,2026-09-02
2025-05-14,SubD V1.3,减: 纳指ETF(159941.SZ) (100.00% NAV) / 加: 德国ETF(513030.SH) (100.00% NAV),159941.SZ,513030.SH,159941.SZ,513030.SH,纳指ETF(159941.SZ),德国ETF(513030.SH),1.0,1.0,1.0,1.0,1.0,0.0,1.0,1.0,2.0,0.002,-,1.3,full_entry,159941.SZ,513030.SH,,,0,513030.SH,1.0,False,False,False,,,513030.SH,5.024201546427606,3.175679652997582,False,0.027850304612706767,0.011822660098522286,0.027850304612706767,0.004333694474539573,0.008344923504867818,0.0047244094488188,-0.007501363884342527,0.027850304612706767,0.027850304612706767,0.025794604003481325,21.470144991305094,325,0,False,0,0,2.3871497188649458,3.175679652997582,5.024201546427606,1.4547061592791253,,,2.3871497188649458,3.175679652997582,5.024201546427606,1.4547061592791253,-0.4604921814341041,-0.05817366155405512,0.8468735408563755,0.8001944453451484,0.9132264462239617,0.8534166673008832,0.793666711730392,0.003857976947055586,0,v1_3_naive_score_0p5_5p5_r2_0p25,1.0,1.0,1.0,1.0,1.0,1.0,False,False,False,False,False,,FULL_POSITION,,0,False,False,2.054,1.181,1.854,1.45,1.914,7.277,False,False,False,False,False,False,2026-09-02,2026-09-02,2026-09-02,2026-09-02,2026-09-02,2026-09-02,2026-09-02
2025-05-12,SubD V1.3,减: 德国ETF(513030.SH) (100.00% NAV) / 加: 纳指ETF(159941.SZ) (100.00% NAV),513030.SH,159941.SZ,513030.SH,159941.SZ,德国ETF(513030.SH),纳指ETF(159941.SZ),1.0,1.0,1.0,1.0,1.0,0.0,1.0,1.0,2.0,0.002,-,1.3,full_entry,513030.SH,159941.SZ,,,0,159941.SZ,1.0,False,False,False,,,159941.SZ,2.160738083914568,,False,0.017130620985010614,0.02671370967741926,0.01878354203935584,0.017130620985010614,-0.002068965517241339,-0.002612330198537016,-0.02058159606957899,0.017130620985010614,0.017130620985010614,0.015096359743040688,20.748096654864767,324,0,False,0,0,1.606429251203446,2.160738083914568,,1.830175006905281,,,1.606429251203446,2.160738083914568,6.259591468821373,1.830175006905281,-0.46293276532683203,0.5190295136327068,0.6528809454349133,0.7053803006923776,0.9214902347167294,0.8347335800958925,0.7420355723385638,0.1573552328822726,0,v1_3_naive_score_0p5_5p5_r2_0p25,1.0,1.0,1.0,1.0,1.0,1.0,False,False,False,False,False,,FULL_POSITION,,0,False,False,2.037,1.139,1.9,1.447,1.909,7.376,False,False,False,False,False,False,2026-09-02,2026-09-02,2026-09-02,2026-09-02,2026-09-02,2026-09-02,2026-09-02
2025-04-30,SubD V1.3,减: 黄金ETF(518880.SH) (100.00% NAV) / 加: 德国ETF(513030.SH) (100.00% NAV),518880.SH,513030.SH,518880.SH,513030.SH,黄金ETF(518880.SH),德国ETF(513030.SH),1.0,1.0,1.0,1.0,1.0,0.0,1.0,1.0,2.0,0.002,-,1.3,full_entry,518880.SH,513030.SH,,,0,513030.SH,1.0,False,False,False,,,513030.SH,2.1848525457505055,1.929551106467446,False,-0.006119462551549826,0.009458749343142392,0.0009149130832570851,0.005064715813168252,-0.003506311360448766,-0.005202913631633721,-0.006119462551549826,-0.006119462551549826,-0.006119462551549826,-0.00810722362644678,19.542295446465815,323,0,False,0,0,,,2.1848525457505055,1.2199271337513524,,1.929551106467446,-0.1714464551065853,0.6810146318257455,2.1848525457505055,1.2199271337513524,-0.2271167429140396,1.929551106467446,0.022658396709249518,0.1591998559401233,0.47812091733464257,0.4443632561952585,0.14125744034511067,0.5244727940885403,0,v1_3_naive_score_0p5_5p5_r2_0p25,1.0,1.0,1.0,1.0,1.0,1.0,False,False,False,False,False,,FULL_POSITION,,0,False,False,1.921,1.094,1.786,1.421,1.912,7.471,False,False,False,False,False,False,2026-09-02,2026-09-02,2026-09-02,2026-09-02,2026-09-02,2026-09-02,2026-09-02
2025-03-28,SubD V1.3,减: 德国ETF(513030.SH) (100.00% NAV) / 加: 黄金ETF(518880.SH) (100.00% NAV),513030.SH,518880.SH,513030.SH,518880.SH,德国ETF(513030.SH),黄金ETF(518880.SH),1.0,1.0,1.0,1.0,1.0,0.0,1.0,1.0,2.0,0.002,-,1.3,full_entry,513030.SH,518880.SH,,,0,518880.SH,1.0,False,False,False,,,518880.SH,1.2179679714645135,1.0425398586161934,False,-0.006810442678774176,-0.006657156443176548,-0.0062611806797854275,-0.006810442678774176,-0.0098314606741573,-0.0067708333333332815,0.018496770405167284,-0.006810442678774176,-0.006810442678774176,-0.008796821793416676,18.184467691584466,322,0,False,0,0,,,1.0425398586161934,,,1.2179679714645135,-0.393571395263434,-0.10308992927992511,1.0425398586161934,-0.0060468984151663685,-0.35556032199431353,1.2179679714645135,0.5150977453206282,0.011566751387588892,0.464319043909765,0.0002906460921994203,0.5473423295042434,0.8579588918421666,0,v1_3_naive_score_0p5_5p5_r2_0p25,1.0,1.0,1.0,1.0,1.0,1.0,False,False,False,False,False,,FULL_POSITION,,0,False,False,2.089,1.111,1.75,1.41,1.907,6.938,False,False,False,False,False,False,2026-09-02,2026-09-02,2026-09-02,2026-09-02,2026-09-02,2026-09-02,2026-09-02
2025-03-14,SubD V1.3,加: 德国ETF(513030.SH) (100.00% NAV),CASH,513030.SH,CASH,513030.SH,现金,德国ETF(513030.SH),0.0,1.0,0.0,0.0,1.0,1.0,1.0,0.0,1.0,0.001,-,1.3,full_entry,CASH,513030.SH,,,0,513030.SH,1.0,False,False,False,,,513030.SH,0.5150852866108202,,False,0.0,0.028705882352941137,0.00838769804287054,0.004637681159420204,0.000710732054015617,0.00820512820512831,0.014904942965779489,0.0,0.0,-0.001000000000000112,18.04390638964551,321,0,False,0,0,,,0.5150852866108202,,,,-0.16738601099848183,-0.8388449777344466,0.5150852866108202,-0.530111514401542,-0.08990937699445078,0.0402811935066163,0.09873807826086145,0.9102656185924871,0.26816891410882593,0.9100571008218823,0.024639802447409154,0.012231736929020798,0,v1_3_naive_score_0p5_5p5_r2_0p25,1.0,1.0,1.0,1.0,1.0,1.0,False,False,False,False,False,,FULL_POSITION,,0,False,False,2.186,1.082,1.733,1.408,1.966,6.673,False,False,False,False,False,False,2026-09-02,2026-09-02,2026-09-02,2026-09-02,2026-09-02,2026-09-02,2026-09-02
2025-03-12,SubD V1.3,减: 德国ETF(513030.SH) (100.00% NAV),513030.SH,CASH,513030.SH,CASH,德国ETF(513030.SH),现金,1.0,0.0,1.0,1.0,0.0,-1.0,0.0,1.0,1.0,0.001,-,1.3,full_entry,513030.SH,CASH,,,0,CASH,0.0,False,False,False,,,CASH,,,False,-0.006391632771644451,-0.004631773969430153,0.005586592178770999,-0.006391632771644451,-0.00425230333097093,-0.00619514713474445,0.0032282859338970127,-0.006391632771644451,-0.006391632771644451,-0.0073852411388727335,18.061968358003515,320,0,False,0,0,,,,,,,-0.09377076767691295,-0.815601278593378,0.5316112532210948,-0.5409984341690788,-0.025100386389558915,-0.08168782856082235,0.028156154592859917,0.8738286203732397,0.240181866475759,0.907968312733286,0.0016205645891372855,0.0878876761582621,0,v1_3_naive_score_0p5_5p5_r2_0p25,1.0,1.0,1.0,1.0,1.0,1.0,False,False,False,False,False,,CASH,,0,False,False,2.149,1.08,1.71,1.405,1.925,6.526,False,False,False,False,False,False,2026-09-02,2026-09-02,2026-09-02,2026-09-02,2026-09-02,2026-09-02,2026-09-02
2025-03-10,SubD V1.3,加: 德国ETF(513030.SH) (100.00% NAV),CASH,513030.SH,CASH,513030.SH,现金,德国ETF(513030.SH),0.0,1.0,0.0,0.0,1.0,1.0,1.0,0.0,1.0,0.001,-,1.3,full_entry,CASH,513030.SH,,,0,513030.SH,1.0,False,False,False,,,513030.SH,0.6311498869121235,,False,0.0,-0.00046296296296310935,-0.004444444444444362,0.020930232558139528,0.005657708628005631,0.014788373278939337,0.0027581979773214638,0.0,0.0,-0.0010000000000000009,18.566412281670075,319,0,False,0,0,,,0.6311498869121235,,,,0.10179772903255957,-0.7374296162538295,0.6311498869121235,-0.5165307313547927,0.2399239421848467,-0.03464360464490246,0.01948954961332494,0.8591656009268392,0.26327504712951977,0.8643129836664858,0.14199036275611143,0.010636014683387929,0,v1_3_naive_score_0p5_5p5_r2_0p25,1.0,1.0,1.0,1.0,1.0,1.0,False,False,False,False,False,,FULL_POSITION,,0,False,False,2.159,1.12,1.756,1.422,1.99,6.544,False,False,False,False,False,False,2026-09-02,2026-09-02,2026-09-02,2026-09-02,2026-09-02,2026-09-02,2026-09-02
2025-03-05,SubD V1.3,减: 创业板100ETF(159915.SZ) (100.00% NAV),159915.SZ,CASH,159915.SZ,CASH,创业板100ETF(159915.SZ),现金,1.0,0.0,1.0,1.0,0.0,-1.0,0.0,1.0,1.0,0.001,-,1.3,full_entry,159915.SZ,CASH,,,0,CASH,0.0,False,False,False,,,CASH,,,False,0.0,0.0,0.008795074758135346,-0.012345679012345734,0.0021097046413502962,-0.030738720872583003,0.007385751654100714,0.0,0.0,-0.0010000000000000009,18.584997278949025,318,0,False,0,0,,,,,,,0.46177067493871116,-0.6911518499042231,0.12239068987146773,-0.5060564001481151,0.44664477163395944,0.11296383759821227,0.18122237992197776,0.7843398741584252,0.013057132913550817,0.8128641660624101,0.331170413110646,0.04191017648602158,0,v1_3_naive_score_0p5_5p5_r2_0p25,1.0,1.0,1.0,1.0,1.0,1.0,False,False,False,False,False,,CASH,,0,False,False,2.149,1.147,1.68,1.425,1.955,6.547,False,False,False,False,False,False,2026-09-02,2026-09-02,2026-09-02,2026-09-02,2026-09-02,2026-09-02,2026-09-02
2025-02-20,SubD V1.3,减: 黄金ETF(518880.SH) (100.00% NAV) / 加: 创业板100ETF(159915.SZ) (100.00% NAV),518880.SH,159915.SZ,518880.SH,159915.SZ,黄金ETF(518880.SH),创业板100ETF(159915.SZ),1.0,1.0,1.0,1.0,1.0,0.0,1.0,1.0,2.0,0.002,-,1.3,full_entry,518880.SH,159915.SZ,,,0,159915.SZ,1.0,False,False,False,,,159915.SZ,2.0675845405841713,2.0600344107067685,False,0.0031827826614125865,-0.0004576659038900699,-0.008921330089213364,-0.014442518775274471,-0.0053944706675657095,0.008130081300812941,0.0031827826614125865,0.0031827826614125865,0.0031827826614125865,0.0011764170960897324,18.90659112217135,317,0,False,0,0,2.0675845405841713,,,,0.6482129278682869,2.0600344107067685,2.0675845405841713,-0.2222072315282957,0.4350798679443375,-0.16463288987121594,0.6482129278682869,2.0600344107067685,0.8332568056340468,0.28537130710792913,0.040393974632123464,0.09453747178283867,0.4634659698522753,0.8677401405541882,0,v1_3_naive_score_0p5_5p5_r2_0p25,1.0,1.0,1.0,1.0,1.0,1.0,False,False,False,False,False,,FULL_POSITION,,0,False,False,2.184,1.222,1.706,1.475,1.984,6.619,False,False,False,False,False,False,2026-09-02,2026-09-02,2026-09-02,2026-09-02,2026-09-02,2026-09-02,2026-09-02
2025-02-18,SubD V1.3,减: 创业板100ETF(159915.SZ) (100.00% NAV) / 加: 黄金ETF(518880.SH) (100.00% NAV),159915.SZ,518880.SH,159915.SZ,518880.SH,创业板100ETF(159915.SZ),黄金ETF(518880.SH),1.0,1.0,1.0,1.0,1.0,0.0,1.0,1.0,2.0,0.002,-,1.3,full_entry,159915.SZ,518880.SH,,,0,518880.SH,1.0,False,False,False,,,518880.SH,2.186858832482334,2.085309288517602,False,-0.019248395967002674,-0.019248395967002674,0.006498781478472715,0.08756889161053283,0.010162601626016343,0.0020693222969476732,0.009393286110255694,-0.019248395967002674,-0.019248395967002674,-0.02120989917506866,18.761303359980754,316,0,False,0,0,2.085309288517602,,,,0.8011569078249006,2.186858832482334,2.085309288517602,-0.21813833375164204,0.5716534381822427,-0.07897104199380078,0.8011569078249006,2.186858832482334,0.8098963931372775,0.2420484497240163,0.05030641704414052,0.01703411794399523,0.4640649885200636,0.8656263241801555,0,v1_3_naive_score_0p5_5p5_r2_0p25,1.0,1.0,1.0,1.0,1.0,1.0,False,False,False,False,False,,FULL_POSITION,,0,False,False,2.14,1.239,1.776,1.491,1.937,6.555,False,False,False,False,False,False,2026-09-02,2026-09-02,2026-09-02,2026-09-02,2026-09-02,2026-09-02,2026-09-02
2025-02-17,SubD V1.3,减: 黄金ETF(518880.SH) (100.00% NAV) / 加: 创业板100ETF(159915.SZ) (100.00% NAV),518880.SH,159915.SZ,518880.SH,159915.SZ,黄金ETF(518880.SH),创业板100ETF(159915.SZ),1.0,1.0,1.0,1.0,1.0,0.0,1.0,1.0,2.0,0.002,-,1.3,full_entry,518880.SH,159915.SZ,,,0,159915.SZ,1.0,False,False,False,,,159915.SZ,2.2879986931077383,2.285100774085739,False,-0.016805450416351397,0.0036798528058876734,0.0,-0.01150121065375298,-0.005390835579514808,-0.011253196930946285,-0.016805450416351397,-0.016805450416351397,-0.016805450416351397,-0.01877183951551875,19.16785155894874,315,0,False,0,0,2.2879986931077383,,,,1.0525667837896875,2.285100774085739,2.2879986931077383,-0.2540238596322367,0.4003374269604745,-0.0574349044077177,1.0525667837896875,2.285100774085739,0.8311479489317588,0.3084634015406552,0.028049135403106495,0.007976263461071165,0.560821728286178,0.8706388612488963,0,v1_3_naive_score_0p5_5p5_r2_0p25,1.0,1.0,1.0,1.0,1.0,1.0,False,False,False,False,False,,FULL_POSITION,,0,False,False,2.182,1.231,1.633,1.476,1.933,6.494,False,False,False,False,False,False,2026-09-02,2026-09-02,2026-09-02,2026-09-02,2026-09-02,2026-09-02,2026-09-02
2025-02-12,SubD V1.3,减: 德国ETF(513030.SH) (100.00% NAV) / 加: 黄金ETF(518880.SH) (100.00% NAV),513030.SH,518880.SH,513030.SH,518880.SH,德国ETF(513030.SH),黄金ETF(518880.SH),1.0,1.0,1.0,1.0,1.0,0.0,1.0,1.0,2.0,0.002,-,1.3,full_entry,513030.SH,518880.SH,,,0,518880.SH,1.0,False,False,False,,,518880.SH,2.157603549511879,,False,-0.0012187690432663434,0.017510648367250248,-0.002454991816693841,-0.0012187690432663434,-0.0053583389149364224,-0.014249363867684495,-0.006986634264884439,-0.0012187690432663434,-0.0012187690432663434,-0.00321633150517997,19.336395842563924,314,0,False,0,0,1.7663296217646942,,,,1.9191345696429987,2.157603549511879,1.7663296217646942,-0.23585822078606333,2.2577918481479715,0.12036515362319777,1.9191345696429987,2.157603549511879,0.7173454918890787,0.22461960977381645,0.21994873267771575,0.023854335992370523,0.792656195804576,0.8522745483978357,0,v1_3_naive_score_0p5_5p5_r2_0p25,1.0,1.0,1.0,1.0,1.0,1.0,False,False,False,False,False,,FULL_POSITION,,0,False,False,2.15,1.219,1.639,1.485,1.937,6.538,False,False,False,False,False,False,2026-09-02,2026-09-02,2026-09-02,2026-09-02,2026-09-02,2026-09-02,2026-09-02
2025-02-10,SubD V1.3,减: 豆粕ETF(159985.SZ) (100.00% NAV) / 加: 德国ETF(513030.SH) (100.00% NAV),159985.SZ,513030.SH,159985.SZ,513030.SH,豆粕ETF(159985.SZ),德国ETF(513030.SH),1.0,1.0,1.0,1.0,1.0,0.0,1.0,1.0,2.0,0.002,-,1.3,full_entry,159985.SZ,513030.SH,,,0,513030.SH,1.0,False,False,False,,,513030.SH,5.207094081035793,2.3346826376078136,False,-0.003045685279187804,0.005161895823557083,-0.011317704122877914,-0.03239352129574091,-0.002010723860589758,-0.003045685279187804,0.015264797507788197,-0.003045685279187804,-0.003045685279187804,-0.005039593908629403,19.06779177271909,313,0,False,0,0,1.174484778430156,,5.207094081035793,,2.3346826376078136,1.6504295185593554,1.174484778430156,-0.12437757069868671,5.207094081035793,0.25747836411046077,2.3346826376078136,1.6504295185593554,0.46009565580961254,0.06324554361323576,0.403744668738957,0.08328012175787114,0.8519238843114865,0.8199187659697428,0,v1_3_naive_score_0p5_5p5_r2_0p25,1.0,1.0,1.0,1.0,1.0,1.0,False,False,False,False,False,,FULL_POSITION,,0,False,False,2.142,1.223,1.613,1.489,1.964,6.518,False,False,False,False,False,False,2026-09-02,2026-09-02,2026-09-02,2026-09-02,2026-09-02,2026-09-02,2026-09-02
2025-01-21,SubD V1.3,减: 德国ETF(513030.SH) (100.00% NAV) / 加: 豆粕ETF(159985.SZ) (100.00% NAV),513030.SH,159985.SZ,513030.SH,159985.SZ,德国ETF(513030.SH),豆粕ETF(159985.SZ),1.0,1.0,1.0,1.0,1.0,0.0,1.0,1.0,2.0,0.002,-,1.3,full_entry,513030.SH,159985.SZ,,,0,159985.SZ,1.0,False,False,False,,,159985.SZ,1.4448098005248915,,False,0.014101057579318566,0.0038797284190106307,0.0015847860538826808,0.014101057579318566,-0.0033222591362125353,0.01364829396325451,0.0,0.014101057579318566,0.014101057579318566,0.012072855464160037,18.784976221853356,312,0,False,0,0,,,,0.5661135094103131,1.4448098005248915,0.6651586961913352,-0.49449493529280053,0.011313341584636039,7.666472435693452,0.5661135094103131,1.4448098005248915,0.6651586961913352,0.22075237932197267,0.0004517818651587069,0.7350613034738778,0.3560154559780968,0.6737861063705642,0.8944991147196913,0,v1_3_naive_score_0p5_5p5_r2_0p25,1.0,1.0,1.0,1.0,1.0,1.0,False,False,False,False,False,,FULL_POSITION,,0,False,False,2.07,1.264,1.726,1.5,1.931,6.127,False,False,False,False,False,False,2026-09-02,2026-09-02,2026-09-02,2026-09-02,2026-09-02,2026-09-02,2026-09-02
2025-01-14,SubD V1.3,减: 日经ETF(513520.SH) (100.00% NAV) / 加: 德国ETF(513030.SH) (100.00% NAV),513520.SH,513030.SH,513520.SH,513030.SH,日经ETF(513520.SH),德国ETF(513030.SH),1.0,1.0,1.0,1.0,1.0,0.0,1.0,1.0,2.0,0.002,-,1.3,full_entry,513520.SH,513030.SH,,,0,513030.SH,1.0,False,False,False,,,513030.SH,0.7669795200112535,,False,0.0013812154696133394,0.04840370751802281,0.013980263157894912,0.029014844804318374,0.0013812154696133394,0.0037654653039269625,-0.008496732026143872,0.0013812154696133394,0.0013812154696133394,-0.0006215469613258806,16.63064758620739,311,0,False,0,0,,,0.7669795200112535,,0.5152321876946047,,-0.8065498125926533,-0.006738693358954828,0.7669795200112535,0.43049704840395564,0.5152321876946047,0.4596078661034839,0.7420690017290668,0.0001400779388441853,0.3360029569507025,0.279573127451485,0.3302001330969807,0.6159798909624327,0,v1_3_naive_score_0p5_5p5_r2_0p25,1.0,1.0,1.0,1.0,1.0,1.0,False,False,False,False,False,,FULL_POSITION,,0,False,False,2.036,1.233,1.525,1.45,1.866,6.068,False,False,False,False,False,False,2026-09-02,2026-09-02,2026-09-02,2026-09-02,2026-09-02,2026-09-02,2026-09-02
2025-01-08,SubD V1.3,减: 纳指ETF(159941.SZ) (100.00% NAV) / 加: 日经ETF(513520.SH) (100.00% NAV),159941.SZ,513520.SH,159941.SZ,513520.SH,纳指ETF(159941.SZ),日经ETF(513520.SH),1.0,1.0,1.0,1.0,1.0,0.0,1.0,1.0,2.0,0.002,-,1.3,full_entry,159941.SZ,513520.SH,,,0,513520.SH,1.0,False,False,False,,,513520.SH,0.6329949783267854,0.5094134022920116,False,-0.005537974683544444,-0.011055276381909507,-0.005537974683544444,0.014976174268209741,0.0033512064343164116,-0.0005571030640667551,0.0050000000000001155,-0.005537974683544444,-0.005537974683544444,-0.007526898734177223,17.204118192628336,310,0,False,0,0,,0.5094134022920116,,0.6329949783267854,,,-0.7865570365320266,0.5094134022920116,-0.071431994503518,0.6329949783267854,0.2671603276936194,0.14193754113412105,0.721795670522539,0.3651737453538224,0.021046506496591788,0.4873941760285143,0.17623452546909613,0.18451477041849262,0,v1_3_naive_score_0p5_5p5_r2_0p25,1.0,1.0,1.0,1.0,1.0,1.0,False,False,False,False,False,,FULL_POSITION,,0,False,False,1.968,1.257,1.491,1.497,1.794,6.03,False,False,False,False,False,False,2026-09-02,2026-09-02,2026-09-02,2026-09-02,2026-09-02,2026-09-02,2026-09-02
2024-12-16,SubD V1.3,减: 德国ETF(513030.SH) (100.00% NAV) / 加: 纳指ETF(159941.SZ) (100.00% NAV),513030.SH,159941.SZ,513030.SH,159941.SZ,德国ETF(513030.SH),纳指ETF(159941.SZ),1.0,1.0,1.0,1.0,1.0,0.0,1.0,1.0,2.0,0.002,-,1.3,full_entry,513030.SH,159941.SZ,,,0,159941.SZ,1.0,False,False,False,,,159941.SZ,1.8764230107127715,1.7065982075599915,False,0.003385240352064889,-0.015959872321021473,0.013029315960912058,0.003385240352064889,-0.003462603878116255,0.002788622420524245,-0.008998500249958408,0.003385240352064889,0.003385240352064889,0.0013784698713608101,17.060312376247843,309,0,False,0,0,,1.8764230107127715,1.7065982075599915,0.8836343848760069,,,0.11854601325409853,1.8764230107127715,1.7065982075599915,0.8836343848760069,-0.6434170694640204,0.44202153909924924,0.021382414069468947,0.8801035847792564,0.8550606671913893,0.6116960653185664,0.8705197759524241,0.5369635074969373,0,v1_3_naive_score_0p5_5p5_r2_0p25,1.0,1.0,1.0,1.0,1.0,1.0,False,False,False,False,False,,FULL_POSITION,,0,False,False,2.158,1.244,1.482,1.439,1.798,5.947,False,False,False,False,False,False,2026-09-02,2026-09-02,2026-09-02,2026-09-02,2026-09-02,2026-09-02,2026-09-02
2024-12-09,SubD V1.3,减: 日经ETF(513520.SH) (100.00% NAV) / 加: 德国ETF(513030.SH) (100.00% NAV),513520.SH,513030.SH,513520.SH,513030.SH,日经ETF(513520.SH),德国ETF(513030.SH),1.0,1.0,1.0,1.0,1.0,0.0,1.0,1.0,2.0,0.002,-,1.3,full_entry,513520.SH,513030.SH,,,0,513030.SH,1.0,False,False,False,,,513030.SH,1.2701830040817375,1.082626441361373,False,0.004135079255685792,-0.008093525179856176,0.015126050420168013,0.0027008777852801646,0.004135079255685792,0.01055555555555543,0.005590377774013167,0.004135079255685792,0.004135079255685792,0.0021268090971744424,17.129105632809512,308,0,False,0,0,,0.965701052561291,1.2701830040817375,1.082626441361373,,,-0.3409662683056832,0.965701052561291,1.2701830040817375,1.082626441361373,-0.6163848337837274,0.28166110873383143,0.1529788203947059,0.6779042965370411,0.6292000962106898,0.6108370340144137,0.7708007144860752,0.2509355164185134,0,v1_3_naive_score_0p5_5p5_r2_0p25,1.0,1.0,1.0,1.0,1.0,1.0,False,False,False,False,False,,FULL_POSITION,,0,False,False,2.206,1.208,1.485,1.457,1.819,5.936,False,False,False,False,False,False,2026-09-02,2026-09-02,2026-09-02,2026-09-02,2026-09-02,2026-09-02,2026-09-02
2024-12-05,SubD V1.3,减: 纳指ETF(159941.SZ) (100.00% NAV) / 加: 日经ETF(513520.SH) (100.00% NAV),159941.SZ,513520.SH,159941.SZ,513520.SH,纳指ETF(159941.SZ),日经ETF(513520.SH),1.0,1.0,1.0,1.0,1.0,0.0,1.0,1.0,2.0,0.002,-,1.3,full_entry,159941.SZ,513520.SH,,,0,513520.SH,1.0,False,False,False,,,513520.SH,0.8750182266596807,0.7709282202682775,False,0.007588532883642696,0.003225806451612856,0.007588532883642696,0.013085399449035862,0.005475701574264136,-0.014729950900163602,-0.00033732501264982506,0.007588532883642696,0.007588532883642696,0.005573355817875436,17.30479227129425,307,0,False,0,0,,0.7709282202682775,0.6485185117039101,0.8750182266596807,,,-0.4751122343154287,0.7709282202682775,0.6485185117039101,0.8750182266596807,-0.5218221164820305,0.21045323566797425,0.2919291243518646,0.5884321166010091,0.4076235900776036,0.4765479007634632,0.6182408745112604,0.12266849022952409,0,v1_3_naive_score_0p5_5p5_r2_0p25,1.0,1.0,1.0,1.0,1.0,1.0,False,False,False,False,False,,FULL_POSITION,,0,False,False,2.177,1.195,1.471,1.469,1.806,5.927,False,False,False,False,False,False,2026-09-02,2026-09-02,2026-09-02,2026-09-02,2026-09-02,2026-09-02,2026-09-02
2024-11-19,SubD V1.3,减: 创业板100ETF(159915.SZ) (100.00% NAV) / 加: 纳指ETF(159941.SZ) (100.00% NAV),159915.SZ,159941.SZ,159915.SZ,159941.SZ,创业板100ETF(159915.SZ),纳指ETF(159941.SZ),1.0,1.0,1.0,1.0,1.0,0.0,1.0,1.0,2.0,0.002,-,1.3,full_entry,159915.SZ,159941.SZ,,,0,159941.SZ,1.0,False,False,False,,,159941.SZ,0.9179896597109523,,False,0.030711959050721216,0.030711959050721216,0.0026548672566373277,0.0021489971346706493,0.003617945007236001,0.005232862375719627,0.01736714136853057,0.030711959050721216,0.030711959050721216,0.028650535132619837,16.43985011309345,306,0,False,0,0,,0.9179896597109523,,,,,1.1705416634152193,0.9179896597109523,-0.32297340122298723,-0.1813165932938785,0.4388700802523515,-0.5268718271096339,0.2236895217847028,0.47534394555451764,0.6362958684666782,0.15965818689154143,0.25162574840065677,0.6151295729404658,0,v1_3_naive_score_0p5_5p5_r2_0p25,1.0,1.0,1.0,1.0,1.0,1.0,False,False,False,False,False,,FULL_POSITION,,0,False,False,2.215,1.133,1.399,1.387,1.921,5.858,False,False,False,False,False,False,2026-09-02,2026-09-02,2026-09-02,2026-09-02,2026-09-02,2026-09-02,2026-09-02
2024-11-11,SubD V1.3,减: 纳指ETF(159941.SZ) (100.00% NAV) / 加: 创业板100ETF(159915.SZ) (100.00% NAV),159941.SZ,159915.SZ,159941.SZ,159915.SZ,纳指ETF(159941.SZ),创业板100ETF(159915.SZ),1.0,1.0,1.0,1.0,1.0,0.0,1.0,1.0,2.0,0.002,-,1.3,full_entry,159941.SZ,159915.SZ,,,0,159915.SZ,1.0,False,False,False,,,159915.SZ,2.0819314158365825,0.7170494288379157,False,0.006956521739130528,0.02936021034180558,0.006956521739130528,-0.0077247191011234895,0.0014104372355430161,0.020682523267838704,0.0011868429976265027,0.006956521739130528,0.006956521739130528,0.0049426086956523285,17.469344067664228,305,0,False,0,0,2.0819314158365825,0.7170494288379157,,,,,2.0819314158365825,0.7170494288379157,-0.23428277499680883,-0.20495998275632676,0.3551339369426241,0.11105179618347116,0.4012223579609927,0.36995412966771124,0.4533360918823467,0.15936286076823025,0.27074055274622344,0.023941926728559992,0,v1_3_naive_score_0p5_5p5_r2_0p25,1.0,1.0,1.0,1.0,1.0,1.0,False,False,False,False,False,,FULL_POSITION,,0,False,False,2.349,1.158,1.413,1.42,1.974,5.905,False,False,False,False,False,False,2026-09-02,2026-09-02,2026-09-02,2026-09-02,2026-09-02,2026-09-02,2026-09-02
2024-11-08,SubD V1.3,减: 黄金ETF(518880.SH) (100.00% NAV) / 加: 纳指ETF(159941.SZ) (100.00% NAV),518880.SH,159941.SZ,518880.SH,159941.SZ,黄金ETF(518880.SH),纳指ETF(159941.SZ),1.0,1.0,1.0,1.0,1.0,0.0,1.0,1.0,2.0,0.002,-,1.3,full_entry,518880.SH,159941.SZ,,,0,159941.SZ,1.0,False,False,False,,,159941.SZ,0.5047488537427676,,False,0.006484641638225153,-0.010407632263660038,0.00877192982456143,0.014245014245014342,0.007102272727272707,-0.009221311475409832,0.006484641638225153,0.006484641638225153,0.006484641638225153,0.004471672354948719,17.38342460206584,304,0,False,0,0,,0.5047488537427676,,,,,1.1847176644477861,0.5047488537427676,-0.23406337141922973,-0.27393357632384363,0.14468013066671181,0.2838516726866862,0.21792859560810252,0.2861424578257661,0.4194888978582971,0.28512560745090365,0.09148306728663169,0.1170343535679288,0,v1_3_naive_score_0p5_5p5_r2_0p25,1.0,1.0,1.0,1.0,1.0,1.0,False,False,False,False,False,,FULL_POSITION,,0,False,False,2.282,1.15,1.424,1.418,1.934,5.898,False,False,False,False,False,False,2026-09-02,2026-09-02,2026-09-02,2026-09-02,2026-09-02,2026-09-02,2026-09-02
2024-10-17,SubD V1.3,减: 纳指ETF(159941.SZ) (100.00% NAV) / 加: 黄金ETF(518880.SH) (100.00% NAV),159941.SZ,518880.SH,159941.SZ,518880.SH,纳指ETF(159941.SZ),黄金ETF(518880.SH),1.0,1.0,1.0,1.0,1.0,0.0,1.0,1.0,2.0,0.002,-,1.3,full_entry,159941.SZ,518880.SH,,,0,518880.SH,1.0,False,False,False,,,518880.SH,0.9528674738045819,0.8753071889856068,False,0.005464480874316946,-0.0024999999999999467,0.005464480874316946,0.001386001386001423,-0.000694444444444331,-0.01671891327063746,0.0035690006798096974,0.005464480874316946,0.005464480874316946,0.0034535519125682423,17.438933865560696,303,0,False,0,0,,0.8753071889856068,0.6595497509658241,,,0.9528674738045819,179.97534573989327,0.8753071889856068,0.6595497509658241,0.15978152232362564,-0.3780864532457613,0.9528674738045819,0.543253737738975,0.6214502860466952,0.6664466330520723,0.09217777221983525,0.4584860106683454,0.760757103046615,0,v1_3_naive_score_0p5_5p5_r2_0p25,1.0,1.0,1.0,1.0,1.0,1.0,False,False,False,False,False,,FULL_POSITION,,0,False,False,1.995,1.104,1.445,1.439,1.882,5.905,False,False,False,False,False,False,2026-09-02,2026-09-02,2026-09-02,2026-09-02,2026-09-02,2026-09-02,2026-09-02
2024-10-15,SubD V1.3,减: 黄金ETF(518880.SH) (100.00% NAV) / 加: 纳指ETF(159941.SZ) (100.00% NAV),518880.SH,159941.SZ,518880.SH,159941.SZ,黄金ETF(518880.SH),纳指ETF(159941.SZ),1.0,1.0,1.0,1.0,1.0,0.0,1.0,1.0,2.0,0.002,-,1.3,full_entry,518880.SH,159941.SZ,,,0,159941.SZ,1.0,False,False,False,,,159941.SZ,0.8492372539866591,0.7482175195034277,False,0.0,-0.03355387523629494,0.020220588235294157,0.015299026425591222,0.013821700069108545,0.000526315789473708,0.0,0.0,0.0,-0.0020000000000000018,17.568848376801043,302,0,False,0,0,,0.8492372539866591,0.6138389306559799,,,0.7482175195034277,423.69224836849634,0.8492372539866591,0.6138389306559799,0.22977398336763444,-0.31009306307385753,0.7482175195034277,0.6274411793300265,0.5441645667642205,0.5834497420234974,0.13913290608060125,0.31189846389983833,0.734499306821877,0,v1_3_naive_score_0p5_5p5_r2_0p25,1.0,1.0,1.0,1.0,1.0,1.0,False,False,False,False,False,,FULL_POSITION,,0,False,False,2.045,1.11,1.46,1.467,1.901,5.799,False,False,False,False,False,False,2026-09-02,2026-09-02,2026-09-02,2026-09-02,2026-09-02,2026-09-02,2026-09-02
2024-09-30,SubD V1.3,减: 创业板100ETF(159915.SZ) (100.00% NAV) / 加: 黄金ETF(518880.SH) (100.00% NAV),159915.SZ,518880.SH,159915.SZ,518880.SH,创业板100ETF(159915.SZ),黄金ETF(518880.SH),1.0,1.0,1.0,1.0,1.0,0.0,1.0,1.0,2.0,0.002,-,1.3,full_entry,159915.SZ,518880.SH,,,0,518880.SH,1.0,False,False,False,,,518880.SH,0.8847016939223207,,False,0.19999999999999996,0.19999999999999996,-0.004677268475210328,0.015416958654520085,-0.010330578512396604,0.021472392638036908,-0.0001751927119831853,0.19999999999999996,0.19999999999999996,0.1976,17.32477157909603,301,0,False,0,0,,,,,,0.8847016939223207,17.097864333674494,0.49755570278487293,0.3769671927444518,0.0346920079574462,0.37108992660145756,0.8847016939223207,0.3852719927238618,0.2124831921147653,0.30109634030561694,0.0021898215770628227,0.3588974189262162,0.8029832317072603,0,v1_3_naive_score_0p5_5p5_r2_0p25,1.0,1.0,1.0,1.0,1.0,1.0,False,False,False,False,False,,FULL_POSITION,,0,False,False,2.232,1.064,1.449,1.437,1.998,5.707,False,False,False,False,False,False,2026-09-02,2026-09-02,2026-09-02,2026-09-02,2026-09-02,2026-09-02,2026-09-02
2024-09-26,SubD V1.3,减: 黄金ETF(518880.SH) (100.00% NAV) / 加: 创业板100ETF(159915.SZ) (100.00% NAV),518880.SH,159915.SZ,518880.SH,159915.SZ,黄金ETF(518880.SH),创业板100ETF(159915.SZ),1.0,1.0,1.0,1.0,1.0,0.0,1.0,1.0,2.0,0.002,-,1.3,full_entry,518880.SH,159915.SZ,,,0,159915.SZ,1.0,False,False,False,,,159915.SZ,1.1085303149469032,0.8290064184111869,False,0.0019163763066203376,0.0472049689440992,0.01495327102803734,0.009936124911284594,0.013185287994448291,0.015979381443299134,0.0019163763066203376,0.0019163763066203376,0.0019163763066203376,-8.745644599295055e-05,13.112948514572112,300,0,False,0,0,1.1085303149469032,,,,,0.8290064184111869,1.1085303149469032,0.42101108792333486,0.1364272515573366,-0.09364210113032911,0.3933338601079128,0.8290064184111869,0.2885473938175179,0.13457516481937992,0.07359431158146168,0.014129110814408596,0.36573734158400506,0.7344386036537935,0,v1_3_naive_score_0p5_5p5_r2_0p25,1.0,1.0,1.0,1.0,1.0,1.0,False,False,False,False,False,,FULL_POSITION,,0,False,False,1.686,1.086,1.423,1.46,1.971,5.751,False,False,False,False,False,False,2026-09-02,2026-09-02,2026-09-02,2026-09-02,2026-09-02,2026-09-02,2026-09-02
2024-09-25,SubD V1.3,减: 豆粕ETF(159985.SZ) (100.00% NAV) / 加: 黄金ETF(518880.SH) (100.00% NAV),159985.SZ,518880.SH,159985.SZ,518880.SH,豆粕ETF(159985.SZ),黄金ETF(518880.SH),1.0,1.0,1.0,1.0,1.0,0.0,1.0,1.0,2.0,0.002,-,1.3,full_entry,159985.SZ,518880.SH,,,0,518880.SH,1.0,False,False,False,,,518880.SH,0.694623720439776,,False,-0.013726487036095691,0.01449275362318847,-0.0092592592592593,-0.0035360678925034916,-0.010302197802197766,-0.013726487036095691,0.007547832192382087,-0.013726487036095691,-0.013726487036095691,-0.015699034062023554,13.114095426750549,299,0,False,0,0,,,,,,0.694623720439776,0.41319961088948354,0.23665470096001018,0.0663608294781659,-0.20448273302128817,0.41884765398739154,0.694623720439776,0.15884424541796738,0.048313149039986625,0.019715606074613534,0.06916244918294145,0.36536795136764166,0.6643585922609725,0,v1_3_naive_score_0p5_5p5_r2_0p25,1.0,1.0,1.0,1.0,1.0,1.0,False,False,False,False,False,,FULL_POSITION,,0,False,False,1.61,1.07,1.409,1.441,1.94,5.74,False,False,False,False,False,False,2026-09-02,2026-09-02,2026-09-02,2026-09-02,2026-09-02,2026-09-02,2026-09-02
2024-09-09,SubD V1.3,减: 德国ETF(513030.SH) (100.00% NAV) / 加: 豆粕ETF(159985.SZ) (100.00% NAV),513030.SH,159985.SZ,513030.SH,159985.SZ,德国ETF(513030.SH),豆粕ETF(159985.SZ),1.0,1.0,1.0,1.0,1.0,0.0,1.0,1.0,2.0,0.002,-,1.3,full_entry,513030.SH,159985.SZ,,,0,159985.SZ,1.0,False,False,False,,,159985.SZ,0.9479964921957238,0.5360878753304872,False,-0.011486001435750182,0.003315649867373871,-0.008771929824561542,-0.011486001435750182,0.002133712660028486,-0.011088709677419373,-0.007250317201377587,-0.011486001435750182,-0.011486001435750182,-0.013463029432878804,13.289390754335773,298,0,False,0,0,,,0.5360878753304872,,0.9479964921957238,,-0.3140904904882712,-0.35773558314625087,0.5360878753304872,-0.08913901304247218,0.9479964921957238,0.09752829360727877,0.3952112649107139,0.1264058211588066,0.2837903120314105,0.005263401550723024,0.5516203210502356,0.11036440953722804,0,v1_3_naive_score_0p5_5p5_r2_0p25,1.0,1.0,1.0,1.0,1.0,1.0,False,False,False,False,False,,FULL_POSITION,,0,False,False,1.513,1.017,1.377,1.409,1.962,5.477,False,False,False,False,False,False,2026-09-02,2026-09-02,2026-09-02,2026-09-02,2026-09-02,2026-09-02,2026-09-02
2024-09-04,SubD V1.3,减: 日经ETF(513520.SH) (100.00% NAV) / 加: 德国ETF(513030.SH) (100.00% NAV),513520.SH,513030.SH,513520.SH,513030.SH,日经ETF(513520.SH),德国ETF(513030.SH),1.0,1.0,1.0,1.0,1.0,0.0,1.0,1.0,2.0,0.002,-,1.3,full_entry,513520.SH,513030.SH,,,0,513030.SH,1.0,False,False,False,,,513030.SH,1.4752841454304662,1.3135167528919856,False,-0.04259634888438146,0.0,-0.05312208760484616,-0.028109627547435068,-0.04259634888438146,-0.012827090815803022,-0.0069078349391020755,-0.04259634888438146,-0.04259634888438146,-0.04451115618661272,13.374044685774146,297,0,False,0,0,,,1.4752841454304662,1.3135167528919856,,,-0.42319606886972694,0.40101262511394653,1.4752841454304662,1.3135167528919856,0.18460023265878167,0.2423198304925427,0.569776146489046,0.07085850946628569,0.7209024250381553,0.3179072216345137,0.04782061023209172,0.3367423552915597,0,v1_3_naive_score_0p5_5p5_r2_0p25,1.0,1.0,1.0,1.0,1.0,1.0,False,False,False,False,False,,FULL_POSITION,,0,False,False,1.525,1.016,1.383,1.416,1.924,5.463,False,False,False,False,False,False,2026-09-02,2026-09-02,2026-09-02,2026-09-02,2026-09-02,2026-09-02,2026-09-02
