candidate,segment,r2_threshold,switch_buffer,r2_enabled,buffer_enabled,start,end,rows,ann_return,ann_vol,sharpe_repo,max_dd,avg_weight,held_day_avg_weight,holding_days,holding_day_ratio,avg_turnover,turnover_total,cost_total,trade_days,buffer_blocked_days
r2_off_buffer_1.00,full,off,1.0,False,False,2011-12-09,2026-09-02,3578,0.2304516411332378,0.24371634664376826,0.9722486786218211,-0.3646693805451159,0.8943543879262158,1.0,3200,0.8943543879262158,0.19312465064281722,691.0,0.691,384,0
r2_off_buffer_1.00,last_10y,off,1.0,False,False,2016-04-21,2026-09-02,2520,0.34170002754532525,0.24090591081288873,1.3398950386378166,-0.21482886172980187,0.975,1.0,2457,0.975,0.22301587301587303,562.0,0.562,293,0
r2_off_buffer_1.00,last_1y,off,1.0,False,False,2025-08-20,2026-09-02,252,0.3335966024152561,0.3138489225670585,1.0743488348190062,-0.17184869163190508,0.9722222222222222,1.0,245,0.9722222222222222,0.3492063492063492,88.0,0.08800000000000001,45,0
r2_off_buffer_1.00,last_3y,off,1.0,False,False,2023-07-24,2026-09-02,756,0.6104951753386827,0.28875082988023815,1.7930810447278684,-0.17184869163190497,0.9642857142857143,1.0,729,0.9642857142857143,0.2619047619047619,198.0,0.198,102,0
r2_off_buffer_1.00,last_5y,off,1.0,False,False,2021-06-25,2026-09-02,1260,0.4839680213198021,0.26626305032071723,1.6141132068788797,-0.21482886172980253,0.9706349206349206,1.0,1223,0.9706349206349206,0.24285714285714285,306.0,0.306,158,0
r2_off_buffer_1.02,full,off,1.02,False,True,2011-12-09,2026-09-02,3578,0.23261885632130808,0.2437244899027757,0.9794507550262678,-0.37075428379369346,0.8943543879262158,1.0,3200,0.8943543879262158,0.1903297931805478,681.0,0.681,379,13
r2_off_buffer_1.02,last_10y,off,1.02,False,True,2016-04-21,2026-09-02,2520,0.3450565781581576,0.24091405288761455,1.3502415124018403,-0.22973801409035133,0.975,1.0,2457,0.975,0.21904761904761905,552.0,0.552,288,13
r2_off_buffer_1.02,last_1y,off,1.02,False,True,2025-08-20,2026-09-02,252,0.33615442848489074,0.31396775402462357,1.080169906339298,-0.1718486916319052,0.9722222222222222,1.0,245,0.9722222222222222,0.3492063492063492,88.0,0.08800000000000001,45,1
r2_off_buffer_1.02,last_3y,off,1.02,False,True,2023-07-24,2026-09-02,756,0.6190190592475033,0.2880052606249139,1.815334263502898,-0.17184869163190508,0.9642857142857143,1.0,729,0.9642857142857143,0.2566137566137566,194.0,0.194,100,4
r2_off_buffer_1.02,last_5y,off,1.02,False,True,2021-06-25,2026-09-02,1260,0.4831324751411459,0.26596440470850635,1.6135025213191156,-0.22973801409035177,0.9706349206349206,1.0,1223,0.9706349206349206,0.2396825396825397,302.0,0.302,156,6
r2_off_buffer_1.03,full,off,1.03,False,True,2011-12-09,2026-09-02,3578,0.23383427377801858,0.24362851653794082,0.9837891211365326,-0.369038343555377,0.8943543879262158,1.0,3200,0.8943543879262158,0.1903297931805478,681.0,0.681,379,19
r2_off_buffer_1.03,last_10y,off,1.03,False,True,2016-04-21,2026-09-02,2520,0.34677335390887154,0.2407696743776672,1.3562104449381538,-0.22973801409035066,0.975,1.0,2457,0.975,0.21904761904761905,552.0,0.552,288,18
r2_off_buffer_1.03,last_1y,off,1.03,False,True,2025-08-20,2026-09-02,252,0.33615442848489097,0.3139677540246235,1.0801699063393007,-0.17184869163190486,0.9722222222222222,1.0,245,0.9722222222222222,0.3492063492063492,88.0,0.08800000000000001,45,1
r2_off_buffer_1.03,last_3y,off,1.03,False,True,2023-07-24,2026-09-02,756,0.6188519479376364,0.28780963680895433,1.816013901275048,-0.17184869163190464,0.9642857142857143,1.0,729,0.9642857142857143,0.2566137566137566,194.0,0.194,100,6
r2_off_buffer_1.03,last_5y,off,1.03,False,True,2021-06-25,2026-09-02,1260,0.4864792574595831,0.26568662681308464,1.6234078851775489,-0.22973801409035077,0.9706349206349206,1.0,1223,0.9706349206349206,0.2396825396825397,302.0,0.302,156,9
r2_off_buffer_1.05,full,off,1.05,False,True,2011-12-09,2026-09-02,3578,0.23323332679386022,0.24351249444861767,0.9821352869614686,-0.3682837048419231,0.8943543879262158,1.0,3200,0.8943543879262158,0.18921185019564002,677.0,0.677,377,32
r2_off_buffer_1.05,last_10y,off,1.05,False,True,2016-04-21,2026-09-02,2520,0.34524620824017505,0.24060912252844827,1.3522278306417441,-0.229738014090351,0.975,1.0,2457,0.975,0.21746031746031746,548.0,0.548,286,29
r2_off_buffer_1.05,last_1y,off,1.05,False,True,2025-08-20,2026-09-02,252,0.3404664864121423,0.3138081047632351,1.0908378217675034,-0.16917606911306893,0.9722222222222222,1.0,245,0.9722222222222222,0.3492063492063492,88.0,0.08800000000000001,45,2
r2_off_buffer_1.05,last_3y,off,1.05,False,True,2023-07-24,2026-09-02,756,0.6258026652291198,0.2877209516573327,1.8314052035614778,-0.16917606911306882,0.9642857142857143,1.0,729,0.9642857142857143,0.2566137566137566,194.0,0.194,100,9
r2_off_buffer_1.05,last_5y,off,1.05,False,True,2021-06-25,2026-09-02,1260,0.4912371013729344,0.2656326520046402,1.6357336627768546,-0.22973801409035133,0.9706349206349206,1.0,1223,0.9706349206349206,0.2396825396825397,302.0,0.302,156,13
r2_off_buffer_1.08,full,off,1.08,False,True,2011-12-09,2026-09-02,3578,0.2323059526688116,0.24351131234034995,0.9790514525079879,-0.3564365906099184,0.8943543879262158,1.0,3200,0.8943543879262158,0.18418110676355506,659.0,0.659,368,54
r2_off_buffer_1.08,last_10y,off,1.08,False,True,2016-04-21,2026-09-02,2520,0.3476404420303789,0.24064134511747637,1.3594843881610095,-0.22973801409035177,0.975,1.0,2457,0.975,0.21031746031746032,530.0,0.53,277,49
r2_off_buffer_1.08,last_1y,off,1.08,False,True,2025-08-20,2026-09-02,252,0.30053506847191924,0.3138352568118814,0.9943021412656601,-0.16917606911306926,0.9722222222222222,1.0,245,0.9722222222222222,0.31746031746031744,80.0,0.08000000000000002,41,6
r2_off_buffer_1.08,last_3y,off,1.08,False,True,2023-07-24,2026-09-02,756,0.591606793532734,0.2876283433124137,1.7578562820876502,-0.16917606911306882,0.9642857142857143,1.0,729,0.9642857142857143,0.24074074074074073,182.0,0.182,94,16
r2_off_buffer_1.08,last_5y,off,1.08,False,True,2021-06-25,2026-09-02,1260,0.4614169225502527,0.2661330779826224,1.5571541100478776,-0.22973801409035188,0.9706349206349206,1.0,1223,0.9706349206349206,0.23015873015873015,290.0,0.29,150,23
r2_off_buffer_1.10,full,off,1.1,False,True,2011-12-09,2026-09-02,3578,0.21948969236200644,0.24283743723102824,0.9380400187791823,-0.4045784531173461,0.8943543879262158,1.0,3200,0.8943543879262158,0.1830631637786473,655.0,0.655,366,63
r2_off_buffer_1.10,last_10y,off,1.1,False,True,2016-04-21,2026-09-02,2520,0.33914872935590257,0.2407421377924164,1.3327312279762835,-0.2214867092485756,0.975,1.0,2457,0.975,0.20873015873015874,526.0,0.526,275,56
r2_off_buffer_1.10,last_1y,off,1.1,False,True,2025-08-20,2026-09-02,252,0.30053506847192124,0.31383525681188135,0.9943021412656614,-0.16917606911306893,0.9722222222222222,1.0,245,0.9722222222222222,0.31746031746031744,80.0,0.08000000000000002,41,6
r2_off_buffer_1.10,last_3y,off,1.1,False,True,2023-07-24,2026-09-02,756,0.5795611310881841,0.28755948712711216,1.7317361302176502,-0.1691760691130686,0.9642857142857143,1.0,729,0.9642857142857143,0.24074074074074073,182.0,0.182,94,19
r2_off_buffer_1.10,last_5y,off,1.1,False,True,2021-06-25,2026-09-02,1260,0.45318386168797486,0.26646260442702036,1.5343300745252333,-0.22148670924857516,0.9706349206349206,1.0,1223,0.9706349206349206,0.22857142857142856,288.0,0.288,149,30
r2_off_buffer_1.15,full,off,1.15,False,True,2011-12-09,2026-09-02,3578,0.22288141063934064,0.2424785673594913,0.9505340555924752,-0.4086802389848192,0.8943543879262158,1.0,3200,0.8943543879262158,0.18026830631637786,645.0,0.645,361,90
r2_off_buffer_1.15,last_10y,off,1.15,False,True,2016-04-21,2026-09-02,2520,0.3453697384984211,0.24024171139425313,1.3543233760015554,-0.22148670924857572,0.975,1.0,2457,0.975,0.20476190476190476,516.0,0.516,270,81
r2_off_buffer_1.15,last_1y,off,1.15,False,True,2025-08-20,2026-09-02,252,0.2475593921236643,0.3149482941255318,0.8597320904518342,-0.1691760691130687,0.9722222222222222,1.0,245,0.9722222222222222,0.31746031746031744,80.0,0.08000000000000002,41,7
r2_off_buffer_1.15,last_3y,off,1.15,False,True,2023-07-24,2026-09-02,756,0.5674082163055962,0.2871797606379777,1.706714435033968,-0.1691760691130687,0.9642857142857143,1.0,729,0.9642857142857143,0.23544973544973544,178.0,0.178,92,25
r2_off_buffer_1.15,last_5y,off,1.15,False,True,2021-06-25,2026-09-02,1260,0.4539693698143432,0.26585968751695427,1.539244727325743,-0.22148670924857605,0.9706349206349206,1.0,1223,0.9706349206349206,0.22380952380952382,282.0,0.282,146,42
r2_off_buffer_1.20,full,off,1.2,False,True,2011-12-09,2026-09-02,3578,0.2069873147467689,0.24251612863134253,0.8964515854959263,-0.4086802389848202,0.8943543879262158,1.0,3200,0.8943543879262158,0.1791503633314701,641.0,0.641,359,119
r2_off_buffer_1.20,last_10y,off,1.2,False,True,2016-04-21,2026-09-02,2520,0.318055008269885,0.2402735619596084,1.268730090483578,-0.21304355693138655,0.975,1.0,2457,0.975,0.20317460317460317,512.0,0.512,268,109
r2_off_buffer_1.20,last_1y,off,1.2,False,True,2025-08-20,2026-09-02,252,0.16809664756691478,0.311854165766949,0.6540803823041111,-0.2089075616161009,0.9722222222222222,1.0,245,0.9722222222222222,0.31746031746031744,80.0,0.08000000000000002,41,11
r2_off_buffer_1.20,last_3y,off,1.2,False,True,2023-07-24,2026-09-02,756,0.49392078061367073,0.2868045316743218,1.5409026412162605,-0.20890756161610147,0.9642857142857143,1.0,729,0.9642857142857143,0.2328042328042328,176.0,0.17600000000000002,91,38
r2_off_buffer_1.20,last_5y,off,1.2,False,True,2021-06-25,2026-09-02,1260,0.41614326312515204,0.2656666200301295,1.4408368772888775,-0.21304355693138644,0.9706349206349206,1.0,1223,0.9706349206349206,0.22063492063492063,278.0,0.27799999999999997,144,58
r2_0.10_buffer_1.00,full,0.1,1.0,True,False,2011-12-09,2026-09-02,3578,0.24361915163640324,0.2336077551464022,1.0496437325345667,-0.3240982062007908,0.8320290665176076,1.0,2977,0.8320290665176076,0.19256567915036332,689.0,0.6890000000000001,400,0
r2_0.10_buffer_1.00,last_10y,0.1,1.0,True,False,2016-04-21,2026-09-02,2520,0.3404741892306151,0.23615795846373946,1.3581356606474098,-0.19584994960270852,0.9416666666666667,1.0,2373,0.9416666666666667,0.2246031746031746,566.0,0.5660000000000001,308,0
r2_0.10_buffer_1.00,last_1y,0.1,1.0,True,False,2025-08-20,2026-09-02,252,0.32197904977091896,0.31074500975560837,1.0537431664766248,-0.17184869163190453,0.9325396825396826,1.0,235,0.9325396825396826,0.3412698412698413,86.0,0.08600000000000001,46,0
r2_0.10_buffer_1.00,last_3y,0.1,1.0,True,False,2023-07-24,2026-09-02,756,0.6068307087977602,0.28700933928858946,1.7942435764648454,-0.17184869163190464,0.9365079365079365,1.0,708,0.9365079365079365,0.25925925925925924,196.0,0.196,103,0
r2_0.10_buffer_1.00,last_5y,0.1,1.0,True,False,2021-06-25,2026-09-02,1260,0.5013376259411124,0.2629849298508385,1.6752119456976795,-0.1958499496027094,0.942063492063492,1.0,1187,0.942063492063492,0.24126984126984127,304.0,0.304,162,0
r2_0.10_buffer_1.02,full,0.1,1.02,True,True,2011-12-09,2026-09-02,3578,0.24580955898237566,0.23361600361070897,1.0571542698896421,-0.33440891452222254,0.8320290665176076,1.0,2977,0.8320290665176076,0.1897708216880939,679.0,0.679,395,13
r2_0.10_buffer_1.02,last_10y,0.1,1.02,True,True,2016-04-21,2026-09-02,2520,0.34382767314577944,0.23616635063668678,1.368688064650127,-0.21111948134903524,0.9416666666666667,1.0,2373,0.9416666666666667,0.22063492063492063,556.0,0.556,303,13
r2_0.10_buffer_1.02,last_1y,0.1,1.02,True,True,2025-08-20,2026-09-02,252,0.32451459348097944,0.31086527077169723,1.0596253641270061,-0.17184869163190508,0.9325396825396826,1.0,235,0.9325396825396826,0.3412698412698413,86.0,0.08600000000000001,46,1
r2_0.10_buffer_1.02,last_3y,0.1,1.02,True,True,2023-07-24,2026-09-02,756,0.6153351977478969,0.28625943041457,1.8166627405938311,-0.17184869163190486,0.9365079365079365,1.0,708,0.9365079365079365,0.25396825396825395,192.0,0.192,101,4
r2_0.10_buffer_1.02,last_5y,0.1,1.02,True,True,2021-06-25,2026-09-02,1260,0.5004922998301695,0.2626826622675073,1.6746861927582692,-0.21111948134903524,0.942063492063492,1.0,1187,0.942063492063492,0.23809523809523808,300.0,0.3,160,6
r2_0.10_buffer_1.03,full,0.1,1.03,True,True,2011-12-09,2026-09-02,3578,0.24692926229705137,0.23351231571251443,1.0613703004484387,-0.33464262689095947,0.8320290665176076,1.0,2977,0.8320290665176076,0.1897708216880939,679.0,0.679,395,18
r2_0.10_buffer_1.03,last_10y,0.1,1.03,True,True,2016-04-21,2026-09-02,2520,0.34554288037189695,0.2360191107618819,1.3748050165365506,-0.21111948134903502,0.9416666666666667,1.0,2373,0.9416666666666667,0.22063492063492063,556.0,0.556,303,18
r2_0.10_buffer_1.03,last_1y,0.1,1.03,True,True,2025-08-20,2026-09-02,252,0.32451459348098144,0.31086527077169707,1.059625364127012,-0.17184869163190564,0.9325396825396826,1.0,235,0.9325396825396826,0.3412698412698413,86.0,0.08600000000000001,46,1
r2_0.10_buffer_1.03,last_3y,0.1,1.03,True,True,2023-07-24,2026-09-02,756,0.6151684666774835,0.28606260654426796,1.8173550585396339,-0.17184869163190475,0.9365079365079365,1.0,708,0.9365079365079365,0.25396825396825395,192.0,0.192,101,6
r2_0.10_buffer_1.03,last_5y,0.1,1.03,True,True,2021-06-25,2026-09-02,1260,0.5038782556919641,0.2624010544834771,1.684804795555767,-0.21111948134903546,0.942063492063492,1.0,1187,0.942063492063492,0.23809523809523808,300.0,0.3,160,9
r2_0.10_buffer_1.05,full,0.1,1.05,True,True,2011-12-09,2026-09-02,3578,0.2461462159850596,0.23339097964364494,1.0591023834057554,-0.3306794037846875,0.8320290665176076,1.0,2977,0.8320290665176076,0.18921185019564002,677.0,0.677,394,31
r2_0.10_buffer_1.05,last_10y,0.1,1.05,True,True,2016-04-21,2026-09-02,2520,0.3437480843171481,0.23585503929400323,1.36992513837787,-0.2111194813490359,0.9416666666666667,1.0,2373,0.9416666666666667,0.21984126984126984,554.0,0.554,302,29
r2_0.10_buffer_1.05,last_1y,0.1,1.05,True,True,2025-08-20,2026-09-02,252,0.32878908715538024,0.3107044222641633,1.0703933767885692,-0.16917606911306826,0.9325396825396826,1.0,235,0.9325396825396826,0.3412698412698413,86.0,0.08600000000000001,46,2
r2_0.10_buffer_1.05,last_3y,0.1,1.05,True,True,2023-07-24,2026-09-02,756,0.6221033685406789,0.2859735447589112,1.8328432169383069,-0.16917606911306848,0.9365079365079365,1.0,708,0.9365079365079365,0.25396825396825395,192.0,0.192,101,9
r2_0.10_buffer_1.05,last_5y,0.1,1.05,True,True,2021-06-25,2026-09-02,1260,0.5086917893954184,0.262345884274262,1.6973053038226402,-0.2111194813490357,0.942063492063492,1.0,1187,0.942063492063492,0.23809523809523808,300.0,0.3,160,13
r2_0.10_buffer_1.08,full,0.1,1.08,True,True,2011-12-09,2026-09-02,3578,0.24599345543024098,0.23335757731585843,1.0586989772714406,-0.3064251971111832,0.8320290665176076,1.0,2977,0.8320290665176076,0.1830631637786473,655.0,0.655,383,53
r2_0.10_buffer_1.08,last_10y,0.1,1.08,True,True,2016-04-21,2026-09-02,2520,0.3473436905448333,0.23584147377937198,1.3813411548335266,-0.21111948134903546,0.9416666666666667,1.0,2373,0.9416666666666667,0.2111111111111111,532.0,0.532,291,49
r2_0.10_buffer_1.08,last_1y,0.1,1.08,True,True,2025-08-20,2026-09-02,252,0.2892055295420686,0.31072808158426435,0.9729061904831202,-0.16917606911306882,0.9325396825396826,1.0,235,0.9325396825396826,0.30952380952380953,78.0,0.07800000000000001,42,6
r2_0.10_buffer_1.08,last_3y,0.1,1.08,True,True,2023-07-24,2026-09-02,756,0.5879853049803201,0.2858795448209989,1.7588537655231717,-0.16917606911306904,0.9365079365079365,1.0,708,0.9365079365079365,0.23809523809523808,180.0,0.18,95,16
r2_0.10_buffer_1.08,last_5y,0.1,1.08,True,True,2021-06-25,2026-09-02,1260,0.4785225702238569,0.2628558369662286,1.6175672988879688,-0.2111194813490359,0.942063492063492,1.0,1187,0.942063492063492,0.22857142857142856,288.0,0.288,154,23
r2_0.10_buffer_1.10,full,0.1,1.1,True,True,2011-12-09,2026-09-02,3578,0.2399044750836079,0.23341289093820833,1.0374993040790372,-0.306425197111184,0.8320290665176076,1.0,2977,0.8320290665176076,0.1819452207937395,651.0,0.651,381,61
r2_0.10_buffer_1.10,last_10y,0.1,1.1,True,True,2016-04-21,2026-09-02,2520,0.33885384775216854,0.23594417160298384,1.3540234737311327,-0.20266872853739326,0.9416666666666667,1.0,2373,0.9416666666666667,0.20952380952380953,528.0,0.528,289,56
r2_0.10_buffer_1.10,last_1y,0.1,1.1,True,True,2025-08-20,2026-09-02,252,0.28920552954206813,0.31072808158426435,0.972906190483123,-0.1691760691130687,0.9325396825396826,1.0,235,0.9325396825396826,0.30952380952380953,78.0,0.07800000000000001,42,6
r2_0.10_buffer_1.10,last_3y,0.1,1.1,True,True,2023-07-24,2026-09-02,756,0.5759670508308519,0.28580997178531,1.7325783773321914,-0.1691760691130686,0.9365079365079365,1.0,708,0.9365079365079365,0.23809523809523808,180.0,0.18,95,19
r2_0.10_buffer_1.10,last_5y,0.1,1.1,True,True,2021-06-25,2026-09-02,1260,0.47019314272163437,0.2631903715449702,1.5943530731900866,-0.20266872853739326,0.942063492063492,1.0,1187,0.942063492063492,0.22698412698412698,286.0,0.286,153,30
r2_0.10_buffer_1.15,full,0.1,1.15,True,True,2011-12-09,2026-09-02,3578,0.24335297218582075,0.23303884901270586,1.0507201472837053,-0.31141546395526687,0.8320290665176076,1.0,2977,0.8320290665176076,0.1791503633314701,641.0,0.641,376,88
r2_0.10_buffer_1.15,last_10y,0.1,1.15,True,True,2016-04-21,2026-09-02,2520,0.34507348702357965,0.2354336515257712,1.3761598881337265,-0.2026687285373936,0.9416666666666667,1.0,2373,0.9416666666666667,0.20555555555555555,518.0,0.518,284,81
r2_0.10_buffer_1.15,last_1y,0.1,1.15,True,True,2025-08-20,2026-09-02,252,0.23669134785248835,0.3118470943725932,0.8370556156552291,-0.17559388738742354,0.9325396825396826,1.0,235,0.9325396825396826,0.30952380952380953,78.0,0.07800000000000001,42,7
r2_0.10_buffer_1.15,last_3y,0.1,1.15,True,True,2023-07-24,2026-09-02,756,0.5638417883817037,0.28542761367046693,1.7074201769046844,-0.17559388738742387,0.9365079365079365,1.0,708,0.9365079365079365,0.2328042328042328,176.0,0.176,93,25
r2_0.10_buffer_1.15,last_5y,0.1,1.15,True,True,2021-06-25,2026-09-02,1260,0.4709878450930165,0.26257987914134695,1.599512931418942,-0.20266872853739382,0.942063492063492,1.0,1187,0.942063492063492,0.2222222222222222,280.0,0.27999999999999997,150,42
r2_0.10_buffer_1.20,full,0.1,1.2,True,True,2011-12-09,2026-09-02,3578,0.22409647983037595,0.23315394600066455,0.9833266643232924,-0.3114154639552664,0.8320290665176076,1.0,2977,0.8320290665176076,0.1785913918390162,639.0,0.639,375,113
r2_0.10_buffer_1.20,last_10y,0.1,1.2,True,True,2016-04-21,2026-09-02,2520,0.3130465223313881,0.23557228427111426,1.2730916340073097,-0.20266872853739304,0.9416666666666667,1.0,2373,0.9416666666666667,0.20476190476190476,516.0,0.516,283,105
r2_0.10_buffer_1.20,last_1y,0.1,1.2,True,True,2025-08-20,2026-09-02,252,0.1376887556799684,0.309445440792556,0.5714097466208747,-0.2021161621865818,0.9325396825396826,1.0,235,0.9325396825396826,0.30952380952380953,78.0,0.07800000000000001,42,9
r2_0.10_buffer_1.20,last_3y,0.1,1.2,True,True,2023-07-24,2026-09-02,756,0.4817893260503787,0.28533287155172243,1.5187254659197245,-0.2021161621865819,0.9365079365079365,1.0,708,0.9365079365079365,0.23015873015873015,174.0,0.17400000000000002,92,36
r2_0.10_buffer_1.20,last_5y,0.1,1.2,True,True,2021-06-25,2026-09-02,1260,0.4213674083713941,0.26257161433556025,1.4687006205591016,-0.20266872853739293,0.942063492063492,1.0,1187,0.942063492063492,0.22063492063492063,278.0,0.27799999999999997,149,54
r2_0.15_buffer_1.00,full,0.15,1.0,True,False,2011-12-09,2026-09-02,3578,0.27545735019690554,0.22731609244341103,1.1834788068652509,-0.2560600106000752,0.8099496925656792,1.0,2898,0.8099496925656792,0.18865287870318614,675.0,0.675,402,0
r2_0.15_buffer_1.00,last_10y,0.15,1.0,True,False,2016-04-21,2026-09-02,2520,0.3538392869306626,0.23399849460926206,1.4109473905946743,-0.21454808154272653,0.9257936507936508,1.0,2333,0.9257936507936508,0.21984126984126984,554.0,0.554,312,0
r2_0.15_buffer_1.00,last_1y,0.15,1.0,True,False,2025-08-20,2026-09-02,252,0.384855050289185,0.30818393902066493,1.2108537978587262,-0.15835387103101362,0.9246031746031746,1.0,233,0.9246031746031746,0.3333333333333333,84.0,0.084,45,0
r2_0.15_buffer_1.00,last_3y,0.15,1.0,True,False,2023-07-24,2026-09-02,756,0.6409343527357345,0.2854759011592279,1.8760412710009748,-0.15835387103101373,0.9298941798941799,1.0,703,0.9298941798941799,0.25396825396825395,192.0,0.192,103,0
r2_0.15_buffer_1.00,last_5y,0.15,1.0,True,False,2021-06-25,2026-09-02,1260,0.518655724948851,0.2617780788177163,1.7255955030969186,-0.21454808154272642,0.9349206349206349,1.0,1178,0.9349206349206349,0.23809523809523808,300.0,0.3,163,0
r2_0.15_buffer_1.02,full,0.15,1.02,True,True,2011-12-09,2026-09-02,3578,0.27770383469794324,0.22732383606191642,1.191195002811623,-0.2560600106000752,0.8099496925656792,1.0,2898,0.8099496925656792,0.18585802124091672,665.0,0.665,397,13
r2_0.15_buffer_1.02,last_10y,0.15,1.02,True,True,2016-04-21,2026-09-02,2520,0.3572262065065215,0.2340065640937882,1.4215972407158919,-0.22946256547289723,0.9257936507936508,1.0,2333,0.9257936507936508,0.21587301587301588,544.0,0.544,307,13
r2_0.15_buffer_1.02,last_1y,0.15,1.02,True,True,2025-08-20,2026-09-02,252,0.38751118959238795,0.30830404839596526,1.216724172592343,-0.15835387103101406,0.9246031746031746,1.0,233,0.9246031746031746,0.3333333333333333,84.0,0.084,45,1
r2_0.15_buffer_1.02,last_3y,0.15,1.02,True,True,2023-07-24,2026-09-02,756,0.6496193423829499,0.28472049723877035,1.8988332616296029,-0.15835387103101384,0.9298941798941799,1.0,703,0.9298941798941799,0.24867724867724866,188.0,0.188,101,4
r2_0.15_buffer_1.02,last_5y,0.15,1.02,True,True,2021-06-25,2026-09-02,1260,0.5178006479057853,0.2614745253309561,1.7251340511969384,-0.2294625654728969,0.9349206349206349,1.0,1178,0.9349206349206349,0.23492063492063492,296.0,0.296,161,6
r2_0.15_buffer_1.03,full,0.15,1.03,True,True,2011-12-09,2026-09-02,3578,0.27885220381148135,0.2272169128872869,1.195605974218438,-0.2562078969734217,0.8099496925656792,1.0,2898,0.8099496925656792,0.18585802124091672,665.0,0.665,397,18
r2_0.15_buffer_1.03,last_10y,0.15,1.03,True,True,2016-04-21,2026-09-02,2520,0.35895851507807164,0.23385776573083475,1.4278135124876485,-0.22946256547289645,0.9257936507936508,1.0,2333,0.9257936507936508,0.21587301587301588,544.0,0.544,307,18
r2_0.15_buffer_1.03,last_1y,0.15,1.03,True,True,2025-08-20,2026-09-02,252,0.38751118959238884,0.30830404839596526,1.2167241725923459,-0.1583538710310134,0.9246031746031746,1.0,233,0.9246031746031746,0.3333333333333333,84.0,0.084,45,1
r2_0.15_buffer_1.03,last_3y,0.15,1.03,True,True,2023-07-24,2026-09-02,756,0.6494490725843902,0.2845226546148051,1.8995929685841964,-0.15835387103101328,0.9298941798941799,1.0,703,0.9298941798941799,0.24867724867724866,188.0,0.188,101,6
r2_0.15_buffer_1.03,last_5y,0.15,1.03,True,True,2021-06-25,2026-09-02,1260,0.5212256611507009,0.2611912445042023,1.7353649637286013,-0.22946256547289634,0.9349206349206349,1.0,1178,0.9349206349206349,0.23492063492063492,296.0,0.296,161,9
r2_0.15_buffer_1.05,full,0.15,1.05,True,True,2011-12-09,2026-09-02,3578,0.27804911053902726,0.2270924870989012,1.193363145004757,-0.25177747481516966,0.8099496925656792,1.0,2898,0.8099496925656792,0.18529904974846284,663.0,0.6629999999999999,396,31
r2_0.15_buffer_1.05,last_10y,0.15,1.05,True,True,2016-04-21,2026-09-02,2520,0.3571458241434242,0.23369239712393383,1.4229336164596382,-0.22946256547289678,0.9257936507936508,1.0,2333,0.9257936507936508,0.2150793650793651,542.0,0.542,306,29
r2_0.15_buffer_1.05,last_1y,0.15,1.05,True,True,2025-08-20,2026-09-02,252,0.39198898684148076,0.30813999340947446,1.227676466142214,-0.15563769782154746,0.9246031746031746,1.0,233,0.9246031746031746,0.3333333333333333,84.0,0.084,45,2
r2_0.15_buffer_1.05,last_3y,0.15,1.05,True,True,2023-07-24,2026-09-02,756,0.6565311619655967,0.28443188420762405,1.9152022365554016,-0.15563769782154746,0.9298941798941799,1.0,703,0.9298941798941799,0.24867724867724866,188.0,0.188,101,9
r2_0.15_buffer_1.05,last_5y,0.15,1.05,True,True,2021-06-25,2026-09-02,1260,0.5260947195088441,0.2611352779350112,1.7479393976058362,-0.22946256547289678,0.9349206349206349,1.0,1178,0.9349206349206349,0.23492063492063492,296.0,0.296,161,13
r2_0.15_buffer_1.08,full,0.15,1.08,True,True,2011-12-09,2026-09-02,3578,0.27682944920553165,0.2271044292415821,1.1891088137300474,-0.22946256547289723,0.8099496925656792,1.0,2898,0.8099496925656792,0.1791503633314701,641.0,0.641,385,52
r2_0.15_buffer_1.08,last_10y,0.15,1.08,True,True,2016-04-21,2026-09-02,2520,0.3591703912511126,0.23374330967045218,1.4290670412833475,-0.229462565472897,0.9257936507936508,1.0,2333,0.9257936507936508,0.20634920634920634,520.0,0.52,295,48
r2_0.15_buffer_1.08,last_1y,0.15,1.08,True,True,2025-08-20,2026-09-02,252,0.3505227550742622,0.30818166842558103,1.129299930017955,-0.15563769782154846,0.9246031746031746,1.0,233,0.9246031746031746,0.30158730158730157,76.0,0.07600000000000001,41,6
r2_0.15_buffer_1.08,last_3y,0.15,1.08,True,True,2023-07-24,2026-09-02,756,0.621688970913058,0.28434350519548857,1.8408024568085117,-0.1556376978215478,0.9298941798941799,1.0,703,0.9298941798941799,0.2328042328042328,176.0,0.176,95,16
r2_0.15_buffer_1.08,last_5y,0.15,1.08,True,True,2021-06-25,2026-09-02,1260,0.4920474421464647,0.26177070252374485,1.658012883711354,-0.22946256547289756,0.9349206349206349,1.0,1178,0.9349206349206349,0.2253968253968254,284.0,0.284,155,22
r2_0.15_buffer_1.10,full,0.15,1.1,True,True,2011-12-09,2026-09-02,3578,0.2696366067874407,0.22716437772208448,1.1639641883304932,-0.229462565472897,0.8099496925656792,1.0,2898,0.8099496925656792,0.17803242034656233,637.0,0.637,383,59
r2_0.15_buffer_1.10,last_10y,0.15,1.1,True,True,2016-04-21,2026-09-02,2520,0.34916767282839034,0.23385052471233853,1.3968967035660895,-0.22946256547289667,0.9257936507936508,1.0,2333,0.9257936507936508,0.20476190476190476,516.0,0.516,293,54
r2_0.15_buffer_1.10,last_1y,0.15,1.1,True,True,2025-08-20,2026-09-02,252,0.3505227550742609,0.3081816684255811,1.1292999300179534,-0.1556376978215478,0.9246031746031746,1.0,233,0.9246031746031746,0.30158730158730157,76.0,0.07600000000000001,41,6
r2_0.15_buffer_1.10,last_3y,0.15,1.1,True,True,2023-07-24,2026-09-02,756,0.6094156393257337,0.2842757509179992,1.8143935405059157,-0.1556376978215479,0.9298941798941799,1.0,703,0.9298941798941799,0.2328042328042328,176.0,0.176,95,19
r2_0.15_buffer_1.10,last_5y,0.15,1.1,True,True,2021-06-25,2026-09-02,1260,0.48048343826943074,0.2621154412820221,1.626451592685783,-0.22946256547289623,0.9349206349206349,1.0,1178,0.9349206349206349,0.22380952380952382,282.0,0.282,154,28
r2_0.15_buffer_1.15,full,0.15,1.15,True,True,2011-12-09,2026-09-02,3578,0.2741854416521494,0.22667526669045537,1.1817807154680338,-0.22946256547289767,0.8099496925656792,1.0,2898,0.8099496925656792,0.1752375628842929,627.0,0.627,378,83
r2_0.15_buffer_1.15,last_10y,0.15,1.15,True,True,2016-04-21,2026-09-02,2520,0.35599422359487787,0.23316598669490218,1.4219866167581934,-0.22946256547289745,0.9257936507936508,1.0,2333,0.9257936507936508,0.2007936507936508,506.0,0.506,288,77
r2_0.15_buffer_1.15,last_1y,0.15,1.15,True,True,2025-08-20,2026-09-02,252,0.3505227550742618,0.30818166842558115,1.1292999300179531,-0.1556376978215478,0.9246031746031746,1.0,233,0.9246031746031746,0.30158730158730157,76.0,0.07600000000000001,41,6
r2_0.15_buffer_1.15,last_3y,0.15,1.15,True,True,2023-07-24,2026-09-02,756,0.6193255822324095,0.28343938524866136,1.8406172195721189,-0.15563769782154746,0.9298941798941799,1.0,703,0.9298941798941799,0.2275132275132275,172.0,0.172,93,24
r2_0.15_buffer_1.15,last_5y,0.15,1.15,True,True,2021-06-25,2026-09-02,1260,0.49365539621147536,0.2612171497366798,1.6651081079529726,-0.22946256547289756,0.9349206349206349,1.0,1178,0.9349206349206349,0.21904761904761905,276.0,0.27599999999999997,151,39
r2_0.15_buffer_1.20,full,0.15,1.2,True,True,2011-12-09,2026-09-02,3578,0.2635497672730258,0.22700089133833226,1.1434516653077036,-0.2294625654728969,0.8099496925656792,1.0,2898,0.8099496925656792,0.17356064840693125,621.0,0.621,375,108
r2_0.15_buffer_1.20,last_10y,0.15,1.2,True,True,2016-04-21,2026-09-02,2520,0.3336337978942834,0.2336340654547075,1.3483532939307126,-0.229462565472897,0.9257936507936508,1.0,2333,0.9257936507936508,0.2,504.0,0.504,287,100
r2_0.15_buffer_1.20,last_1y,0.15,1.2,True,True,2025-08-20,2026-09-02,252,0.33878417952317696,0.3083266342705862,1.1005609060479442,-0.15563769782154768,0.9246031746031746,1.0,233,0.9246031746031746,0.30158730158730157,76.0,0.07600000000000001,41,7
r2_0.15_buffer_1.20,last_3y,0.15,1.2,True,True,2023-07-24,2026-09-02,756,0.5730529170260943,0.2842017221802077,1.7342358651293752,-0.15563769782154757,0.9298941798941799,1.0,703,0.9298941798941799,0.22486772486772486,170.0,0.17,92,34
r2_0.15_buffer_1.20,last_5y,0.15,1.2,True,True,2021-06-25,2026-09-02,1260,0.4649978437458191,0.26177477812631705,1.5879954610031897,-0.22946256547289678,0.9349206349206349,1.0,1178,0.9349206349206349,0.21746031746031746,274.0,0.27399999999999997,150,50
r2_0.20_buffer_1.00,full,0.2,1.0,True,False,2011-12-09,2026-09-02,3578,0.29461149930063835,0.2242118815709998,1.2632125331110529,-0.24395899370024787,0.7926215762996087,1.0,2836,0.7926215762996087,0.1825041922861934,653.0,0.6529999999999999,400,0
r2_0.20_buffer_1.00,last_10y,0.2,1.0,True,False,2016-04-21,2026-09-02,2520,0.3428140869138545,0.2326634317129105,1.3825063939970774,-0.21834692555630153,0.9107142857142857,1.0,2295,0.9107142857142857,0.21587301587301588,544.0,0.544,316,0
r2_0.20_buffer_1.00,last_1y,0.2,1.0,True,False,2025-08-20,2026-09-02,252,0.5272497435702592,0.3084161469615029,1.5278605925534297,-0.15868919725725483,0.9087301587301587,1.0,229,0.9087301587301587,0.3333333333333333,84.0,0.084,47,0
r2_0.20_buffer_1.00,last_3y,0.2,1.0,True,False,2023-07-24,2026-09-02,756,0.6819611338737437,0.2853758843900614,1.9632550008084166,-0.15868919725725406,0.9232804232804233,1.0,698,0.9232804232804233,0.25132275132275134,190.0,0.19,104,0
r2_0.20_buffer_1.00,last_5y,0.2,1.0,True,False,2021-06-25,2026-09-02,1260,0.5335530383962759,0.2611886053180006,1.7663001197117523,-0.21834692555630109,0.9246031746031746,1.0,1165,0.9246031746031746,0.2365079365079365,298.0,0.298,167,0
r2_0.20_buffer_1.02,full,0.2,1.02,True,True,2011-12-09,2026-09-02,3578,0.29563759880743934,0.2242781037623443,1.2664437104533421,-0.253908265059273,0.7926215762996087,1.0,2836,0.7926215762996087,0.17970933482392398,643.0,0.643,395,12
r2_0.20_buffer_1.02,last_10y,0.2,1.02,True,True,2016-04-21,2026-09-02,2520,0.3443254817850361,0.23275328164828335,1.386903708256592,-0.2331892754746212,0.9107142857142857,1.0,2295,0.9107142857142857,0.2119047619047619,534.0,0.534,311,12
r2_0.20_buffer_1.02,last_1y,0.2,1.02,True,True,2025-08-20,2026-09-02,252,0.530178994591048,0.30853370012722425,1.5336158482647149,-0.15868919725725605,0.9087301587301587,1.0,229,0.9087301587301587,0.3333333333333333,84.0,0.084,47,1
r2_0.20_buffer_1.02,last_3y,0.2,1.02,True,True,2023-07-24,2026-09-02,756,0.6831386116030544,0.28485523844228683,1.9687839916540208,-0.15868919725725605,0.9232804232804233,1.0,698,0.9232804232804233,0.24603174603174602,186.0,0.186,102,3
r2_0.20_buffer_1.02,last_5y,0.2,1.02,True,True,2021-06-25,2026-09-02,1260,0.5284845006134862,0.2610351884944665,1.7544813517154687,-0.2331892754746211,0.9246031746031746,1.0,1165,0.9246031746031746,0.23333333333333334,294.0,0.294,165,5
r2_0.20_buffer_1.03,full,0.2,1.03,True,True,2011-12-09,2026-09-02,3578,0.29680208635173844,0.22416952267396106,1.2709599032835173,-0.25417024402875255,0.7926215762996087,1.0,2836,0.7926215762996087,0.17970933482392398,643.0,0.643,395,17
r2_0.20_buffer_1.03,last_10y,0.2,1.03,True,True,2016-04-21,2026-09-02,2520,0.346041324393942,0.2326038904351641,1.3931348306607136,-0.2331892754746222,0.9107142857142857,1.0,2295,0.9107142857142857,0.2119047619047619,534.0,0.534,311,17
r2_0.20_buffer_1.03,last_1y,0.2,1.03,True,True,2025-08-20,2026-09-02,252,0.5301789945910449,0.3085337001272243,1.533615848264712,-0.15868919725725605,0.9087301587301587,1.0,229,0.9087301587301587,0.3333333333333333,84.0,0.084,47,1
r2_0.20_buffer_1.03,last_3y,0.2,1.03,True,True,2023-07-24,2026-09-02,756,0.6829648820249716,0.28465753434475666,1.9695909976843606,-0.15868919725725594,0.9232804232804233,1.0,698,0.9232804232804233,0.24603174603174602,186.0,0.186,102,5
r2_0.20_buffer_1.03,last_5y,0.2,1.03,True,True,2021-06-25,2026-09-02,1260,0.5319336226483664,0.2607512009923325,1.7647661678263122,-0.2331892754746211,0.9246031746031746,1.0,1165,0.9246031746031746,0.23333333333333334,294.0,0.294,165,8
r2_0.20_buffer_1.05,full,0.2,1.05,True,True,2011-12-09,2026-09-02,3578,0.29683958800224386,0.22410681372711827,1.2713771631108988,-0.24972768452362604,0.7926215762996087,1.0,2836,0.7926215762996087,0.1791503633314701,641.0,0.641,394,28
r2_0.20_buffer_1.05,last_10y,0.2,1.05,True,True,2016-04-21,2026-09-02,2520,0.3455005908368147,0.23252333491502417,1.3918003913895023,-0.23318927547462176,0.9107142857142857,1.0,2295,0.9107142857142857,0.2111111111111111,532.0,0.532,310,26
r2_0.20_buffer_1.05,last_1y,0.2,1.05,True,True,2025-08-20,2026-09-02,252,0.5351172115539031,0.3083657608783211,1.5447480319366715,-0.1586891972572564,0.9087301587301587,1.0,229,0.9087301587301587,0.3333333333333333,84.0,0.084,47,2
r2_0.20_buffer_1.05,last_3y,0.2,1.05,True,True,2023-07-24,2026-09-02,756,0.685750773624701,0.28461392458414375,1.9756720244847212,-0.15868919725725616,0.9232804232804233,1.0,698,0.9232804232804233,0.24603174603174602,186.0,0.186,102,7
r2_0.20_buffer_1.05,last_5y,0.2,1.05,True,True,2021-06-25,2026-09-02,1260,0.5344133341129889,0.260724031638873,1.7711367210523927,-0.2331892754746212,0.9246031746031746,1.0,1165,0.9246031746031746,0.23333333333333334,294.0,0.294,165,11
r2_0.20_buffer_1.08,full,0.2,1.08,True,True,2011-12-09,2026-09-02,3578,0.2894819147287073,0.22427955230671104,1.2451811786969547,-0.2497276845236257,0.7926215762996087,1.0,2836,0.7926215762996087,0.1752375628842929,627.0,0.627,387,46
r2_0.20_buffer_1.08,last_10y,0.2,1.08,True,True,2016-04-21,2026-09-02,2520,0.3384790840828251,0.2327987468132986,1.3679355401405777,-0.2331892754746212,0.9107142857142857,1.0,2295,0.9107142857142857,0.20555555555555555,518.0,0.518,303,42
r2_0.20_buffer_1.08,last_1y,0.2,1.08,True,True,2025-08-20,2026-09-02,252,0.48938730514955964,0.3084455879804662,1.446221758443464,-0.15868919725725583,0.9087301587301587,1.0,229,0.9087301587301587,0.30158730158730157,76.0,0.07600000000000001,43,6
r2_0.20_buffer_1.08,last_3y,0.2,1.08,True,True,2023-07-24,2026-09-02,756,0.6502939999338899,0.2845308243293004,1.901303354440391,-0.15868919725725594,0.9232804232804233,1.0,698,0.9232804232804233,0.23015873015873015,174.0,0.17400000000000002,96,14
r2_0.20_buffer_1.08,last_5y,0.2,1.08,True,True,2021-06-25,2026-09-02,1260,0.500180467890968,0.2613622709229585,1.680994207389349,-0.23318927547462143,0.9246031746031746,1.0,1165,0.9246031746031746,0.22380952380952382,282.0,0.282,159,20
r2_0.20_buffer_1.10,full,0.2,1.1,True,True,2011-12-09,2026-09-02,3578,0.2828175494282086,0.22433950296056615,1.2217899793338838,-0.2497276845236257,0.7926215762996087,1.0,2836,0.7926215762996087,0.17411961989938513,623.0,0.623,385,51
r2_0.20_buffer_1.10,last_10y,0.2,1.1,True,True,2016-04-21,2026-09-02,2520,0.3286678639615912,0.2328855169598953,1.3358879390847704,-0.23318927547462098,0.9107142857142857,1.0,2295,0.9107142857142857,0.20396825396825397,514.0,0.514,301,47
r2_0.20_buffer_1.10,last_1y,0.2,1.1,True,True,2025-08-20,2026-09-02,252,0.4893873051495603,0.3084455879804661,1.4462217584434678,-0.1586891972572546,0.9087301587301587,1.0,229,0.9087301587301587,0.30158730158730157,76.0,0.07600000000000001,43,6
r2_0.20_buffer_1.10,last_3y,0.2,1.1,True,True,2023-07-24,2026-09-02,756,0.637804178617317,0.2844649841558604,1.8749136227376622,-0.1586891972572545,0.9232804232804233,1.0,698,0.9232804232804233,0.23015873015873015,174.0,0.17400000000000002,96,17
r2_0.20_buffer_1.10,last_5y,0.2,1.1,True,True,2021-06-25,2026-09-02,1260,0.48864131726495486,0.26167439634336503,1.6497508448052935,-0.2331892754746212,0.9246031746031746,1.0,1165,0.9246031746031746,0.2222222222222222,280.0,0.27999999999999997,158,25
r2_0.20_buffer_1.15,full,0.2,1.15,True,True,2011-12-09,2026-09-02,3578,0.2868036934230054,0.22374610087164748,1.2383203913104959,-0.2497276845236267,0.7926215762996087,1.0,2836,0.7926215762996087,0.1713247624371157,613.0,0.613,380,75
r2_0.20_buffer_1.15,last_10y,0.2,1.15,True,True,2016-04-21,2026-09-02,2520,0.33449252371751204,0.2320664026961098,1.3586589119048254,-0.23318927547462232,0.9107142857142857,1.0,2295,0.9107142857142857,0.2,504.0,0.504,296,70
r2_0.20_buffer_1.15,last_1y,0.2,1.15,True,True,2025-08-20,2026-09-02,252,0.4732037133484448,0.3075191713331725,1.4140856532228565,-0.15868919725725594,0.9087301587301587,1.0,229,0.9087301587301587,0.30158730158730157,76.0,0.07600000000000001,43,7
r2_0.20_buffer_1.15,last_3y,0.2,1.15,True,True,2023-07-24,2026-09-02,756,0.6418985534356092,0.2832972812542075,1.8903176238297152,-0.1586891972572555,0.9232804232804233,1.0,698,0.9232804232804233,0.22486772486772486,170.0,0.16999999999999998,94,23
r2_0.20_buffer_1.15,last_5y,0.2,1.15,True,True,2021-06-25,2026-09-02,1260,0.49860769708515074,0.2605549180483707,1.6813722890476346,-0.2331892754746222,0.9246031746031746,1.0,1165,0.9246031746031746,0.21746031746031746,274.0,0.274,155,37
r2_0.20_buffer_1.20,full,0.2,1.2,True,True,2011-12-09,2026-09-02,3578,0.2742905511407745,0.22408152411764343,1.1931519291963542,-0.24750604509841045,0.7926215762996087,1.0,2836,0.7926215762996087,0.17076579094466182,611.0,0.611,379,98
r2_0.20_buffer_1.20,last_10y,0.2,1.2,True,True,2016-04-21,2026-09-02,2520,0.31355867170215546,0.23248188774936088,1.2885611192202404,-0.23318927547462187,0.9107142857142857,1.0,2295,0.9107142857142857,0.1992063492063492,502.0,0.502,295,92
r2_0.20_buffer_1.20,last_1y,0.2,1.2,True,True,2025-08-20,2026-09-02,252,0.4603988101905361,0.3076741894458454,1.3851053038492014,-0.1586891972572554,0.9087301587301587,1.0,229,0.9087301587301587,0.30158730158730157,76.0,0.07600000000000001,43,8
r2_0.20_buffer_1.20,last_3y,0.2,1.2,True,True,2023-07-24,2026-09-02,756,0.5993274797410817,0.283920680120655,1.7940816079611746,-0.1586891972572556,0.9232804232804233,1.0,698,0.9232804232804233,0.2222222222222222,168.0,0.16800000000000004,93,32
r2_0.20_buffer_1.20,last_5y,0.2,1.2,True,True,2021-06-25,2026-09-02,1260,0.47225719816143763,0.26102247897016784,1.610756124964295,-0.23318927547462098,0.9246031746031746,1.0,1165,0.9246031746031746,0.21587301587301588,272.0,0.272,154,47
r2_0.25_buffer_1.00,full,0.25,1.0,True,False,2011-12-09,2026-09-02,3578,0.309122405693081,0.2209057833400039,1.3293543389467886,-0.25440376418417854,0.7744550027948575,1.0,2771,0.7744550027948575,0.1825041922861934,653.0,0.653,399,0
r2_0.25_buffer_1.00,last_10y,0.25,1.0,True,False,2016-04-21,2026-09-02,2520,0.3605888107201203,0.22944022443309325,1.456140815520634,-0.17909377805015625,0.8948412698412699,1.0,2255,0.8948412698412699,0.21666666666666667,546.0,0.546,318,0
r2_0.25_buffer_1.00,last_1y,0.25,1.0,True,False,2025-08-20,2026-09-02,252,0.7292975938413024,0.3081848282310868,1.9326365379807522,-0.1377428361092673,0.8968253968253969,1.0,226,0.8968253968253969,0.31746031746031744,80.0,0.08000000000000002,46,0
r2_0.25_buffer_1.00,last_3y,0.25,1.0,True,False,2023-07-24,2026-09-02,756,0.7196039504408496,0.284498771643746,2.0463660819781566,-0.15199197869237935,0.9126984126984127,1.0,690,0.9126984126984127,0.25132275132275134,190.0,0.19,106,0
r2_0.25_buffer_1.00,last_5y,0.25,1.0,True,False,2021-06-25,2026-09-02,1260,0.5817771578566968,0.25987760195645376,1.89322859341214,-0.17909377805015614,0.9119047619047619,1.0,1149,0.9119047619047619,0.23492063492063492,296.0,0.296,168,0
r2_0.25_buffer_1.02,full,0.25,1.02,True,True,2011-12-09,2026-09-02,3578,0.3101600064370482,0.22097284484682062,1.3326089765234561,-0.2709423138348692,0.7744550027948575,1.0,2771,0.7744550027948575,0.17970933482392398,643.0,0.643,394,12
r2_0.25_buffer_1.02,last_10y,0.25,1.02,True,True,2016-04-21,2026-09-02,2520,0.3621202118056086,0.22953108928639546,1.4605645971358423,-0.1946814828704524,0.8948412698412699,1.0,2255,0.8948412698412699,0.2126984126984127,536.0,0.536,313,12
r2_0.25_buffer_1.02,last_1y,0.25,1.02,True,True,2025-08-20,2026-09-02,252,0.7326143707884507,0.3082993389736798,1.9382609014641878,-0.1377428361092674,0.8968253968253969,1.0,226,0.8968253968253969,0.31746031746031744,80.0,0.08000000000000002,46,1
r2_0.25_buffer_1.02,last_3y,0.25,1.02,True,True,2023-07-24,2026-09-02,756,0.720807780490252,0.2839763482411054,2.052077370212872,-0.15199197869237924,0.9126984126984127,1.0,690,0.9126984126984127,0.24603174603174602,186.0,0.186,104,3
r2_0.25_buffer_1.02,last_5y,0.25,1.02,True,True,2021-06-25,2026-09-02,1260,0.5765492347997065,0.2597249834064414,1.8814193610369523,-0.19468148287045228,0.9119047619047619,1.0,1149,0.9119047619047619,0.23174603174603176,292.0,0.292,166,5
r2_0.25_buffer_1.03,full,0.25,1.03,True,True,2011-12-09,2026-09-02,3578,0.31133754636792044,0.22086247479888224,1.337236114167095,-0.27119831155253327,0.7744550027948575,1.0,2771,0.7744550027948575,0.17970933482392398,643.0,0.643,394,17
r2_0.25_buffer_1.03,last_10y,0.25,1.03,True,True,2016-04-21,2026-09-02,2520,0.36385876688734853,0.22937933221755644,1.4669463538245577,-0.19468148287045206,0.8948412698412699,1.0,2255,0.8948412698412699,0.2126984126984127,536.0,0.536,313,17
r2_0.25_buffer_1.03,last_1y,0.25,1.03,True,True,2025-08-20,2026-09-02,252,0.7326143707884496,0.30829933897367984,1.9382609014641854,-0.1377428361092674,0.8968253968253969,1.0,226,0.8968253968253969,0.31746031746031744,80.0,0.08000000000000002,46,1
r2_0.25_buffer_1.03,last_3y,0.25,1.03,True,True,2023-07-24,2026-09-02,756,0.7206301627898399,0.28377808073590965,2.0529489806787535,-0.15199197869237957,0.9126984126984127,1.0,690,0.9126984126984127,0.24603174603174602,186.0,0.186,104,5
r2_0.25_buffer_1.03,last_5y,0.25,1.03,True,True,2021-06-25,2026-09-02,1260,0.5801068179499709,0.25943853740258865,1.8919129926349052,-0.1946814828704524,0.9119047619047619,1.0,1149,0.9119047619047619,0.23174603174603176,292.0,0.292,166,8
r2_0.25_buffer_1.05,full,0.25,1.05,True,True,2011-12-09,2026-09-02,3578,0.31211286893646584,0.22072804873189994,1.3405968718595327,-0.2668571802924252,0.7744550027948575,1.0,2771,0.7744550027948575,0.1791503633314701,641.0,0.641,393,27
r2_0.25_buffer_1.05,last_10y,0.25,1.05,True,True,2016-04-21,2026-09-02,2520,0.3643994607346779,0.22920041471775918,1.4696442926352562,-0.19468148287045328,0.8948412698412699,1.0,2255,0.8948412698412699,0.2119047619047619,534.0,0.534,312,25
r2_0.25_buffer_1.05,last_1y,0.25,1.05,True,True,2025-08-20,2026-09-02,252,0.7382058902813684,0.30812618529074826,1.9496550872742466,-0.13774283610926819,0.8968253968253969,1.0,226,0.8968253968253969,0.31746031746031744,80.0,0.08,46,2
r2_0.25_buffer_1.05,last_3y,0.25,1.05,True,True,2023-07-24,2026-09-02,756,0.7234784035154533,0.2837338314740441,2.0590663089482177,-0.15199197869237935,0.9126984126984127,1.0,690,0.9126984126984127,0.24603174603174602,186.0,0.186,104,7
r2_0.25_buffer_1.05,last_5y,0.25,1.05,True,True,2021-06-25,2026-09-02,1260,0.5826645064384735,0.25941047379542126,1.8983356425908973,-0.19468148287045317,0.9119047619047619,1.0,1149,0.9119047619047619,0.23174603174603176,292.0,0.292,166,11
r2_0.25_buffer_1.08,full,0.25,1.08,True,True,2011-12-09,2026-09-02,3578,0.30579935380879975,0.22061007209838784,1.319308742012955,-0.26685718029242567,0.7744550027948575,1.0,2771,0.7744550027948575,0.1752375628842929,627.0,0.627,386,42
r2_0.25_buffer_1.08,last_10y,0.25,1.08,True,True,2016-04-21,2026-09-02,2520,0.3589499518698771,0.2290776134661885,1.4528180361099614,-0.19468148287045284,0.8948412698412699,1.0,2255,0.8948412698412699,0.20634920634920634,520.0,0.52,305,38
r2_0.25_buffer_1.08,last_1y,0.25,1.08,True,True,2025-08-20,2026-09-02,252,0.6864261355657126,0.30825454552583187,1.8506559314516455,-0.1377428361092674,0.8968253968253969,1.0,226,0.8968253968253969,0.2857142857142857,72.0,0.07200000000000001,42,6
r2_0.25_buffer_1.08,last_3y,0.25,1.08,True,True,2023-07-24,2026-09-02,756,0.687228096132793,0.2836570135199403,1.9844473728012246,-0.1519919786923789,0.9126984126984127,1.0,690,0.9126984126984127,0.23015873015873015,174.0,0.174,98,14
r2_0.25_buffer_1.08,last_5y,0.25,1.08,True,True,2021-06-25,2026-09-02,1260,0.5591419268454616,0.25938716195183426,1.8406506599679668,-0.19468148287045295,0.9119047619047619,1.0,1149,0.9119047619047619,0.2222222222222222,280.0,0.28,160,19
r2_0.25_buffer_1.10,full,0.25,1.1,True,True,2011-12-09,2026-09-02,3578,0.29905065589878066,0.2206721158485932,1.2954961481346667,-0.26685718029242567,0.7744550027948575,1.0,2771,0.7744550027948575,0.17411961989938513,623.0,0.623,384,47
r2_0.25_buffer_1.10,last_10y,0.25,1.1,True,True,2016-04-21,2026-09-02,2520,0.34898867771169906,0.22916761818134906,1.4201978661893662,-0.19468148287045295,0.8948412698412699,1.0,2255,0.8948412698412699,0.20476190476190476,516.0,0.516,303,43
r2_0.25_buffer_1.10,last_1y,0.25,1.1,True,True,2025-08-20,2026-09-02,252,0.6864261355657124,0.3082545455258318,1.8506559314516469,-0.1377428361092674,0.8968253968253969,1.0,226,0.8968253968253969,0.2857142857142857,72.0,0.07200000000000001,42,6
r2_0.25_buffer_1.10,last_3y,0.25,1.1,True,True,2023-07-24,2026-09-02,756,0.6744587487063065,0.28359331174735164,1.957980867326148,-0.15199197869237968,0.9126984126984127,1.0,690,0.9126984126984127,0.23015873015873015,174.0,0.174,98,17
r2_0.25_buffer_1.10,last_5y,0.25,1.1,True,True,2021-06-25,2026-09-02,1260,0.5471492540129079,0.2597061144247552,1.808930239683427,-0.19468148287045284,0.9119047619047619,1.0,1149,0.9119047619047619,0.22063492063492063,278.0,0.278,159,24
r2_0.25_buffer_1.15,full,0.25,1.15,True,True,2011-12-09,2026-09-02,3578,0.30205871273891716,0.22018452367242622,1.3083939386679981,-0.26685718029242533,0.7744550027948575,1.0,2771,0.7744550027948575,0.1713247624371157,613.0,0.613,379,69
r2_0.25_buffer_1.15,last_10y,0.25,1.15,True,True,2016-04-21,2026-09-02,2520,0.3533842560665079,0.22849406665331815,1.437966326599548,-0.19468148287045317,0.8948412698412699,1.0,2255,0.8948412698412699,0.2007936507936508,506.0,0.506,298,64
r2_0.25_buffer_1.15,last_1y,0.25,1.15,True,True,2025-08-20,2026-09-02,252,0.6864261355657095,0.3082545455258319,1.8506559314516426,-0.13774283610926763,0.8968253968253969,1.0,226,0.8968253968253969,0.2857142857142857,72.0,0.07200000000000001,42,6
r2_0.25_buffer_1.15,last_3y,0.25,1.15,True,True,2023-07-24,2026-09-02,756,0.6847691931892601,0.2827516497669399,1.9847297300336548,-0.15745424228530414,0.9126984126984127,1.0,690,0.9126984126984127,0.22486772486772486,170.0,0.16999999999999998,96,22
r2_0.25_buffer_1.15,last_5y,0.25,1.15,True,True,2021-06-25,2026-09-02,1260,0.5540189315515578,0.2588616655726919,1.8311288472125358,-0.19468148287045306,0.9119047619047619,1.0,1149,0.9119047619047619,0.21587301587301588,272.0,0.272,156,34
r2_0.25_buffer_1.20,full,0.25,1.2,True,True,2011-12-09,2026-09-02,3578,0.2893972275290171,0.22052728869224597,1.2623473558532914,-0.2646862632014193,0.7744550027948575,1.0,2771,0.7744550027948575,0.17076579094466182,611.0,0.611,378,92
r2_0.25_buffer_1.20,last_10y,0.25,1.2,True,True,2016-04-21,2026-09-02,2520,0.3321540541486372,0.228919653871835,1.366570338911999,-0.1946814828704534,0.8948412698412699,1.0,2255,0.8948412698412699,0.2,504.0,0.504,297,86
r2_0.25_buffer_1.20,last_1y,0.25,1.2,True,True,2025-08-20,2026-09-02,252,0.6717679296752268,0.3084243698387071,1.8214378025764306,-0.1377428361092674,0.8968253968253969,1.0,226,0.8968253968253969,0.2857142857142857,72.0,0.07200000000000001,42,7
r2_0.25_buffer_1.20,last_3y,0.25,1.2,True,True,2023-07-24,2026-09-02,756,0.641086571427123,0.2833856448467865,1.8880301173484102,-0.1574542422853038,0.9126984126984127,1.0,690,0.9126984126984127,0.2222222222222222,168.0,0.16799999999999998,95,31
r2_0.25_buffer_1.20,last_5y,0.25,1.2,True,True,2021-06-25,2026-09-02,1260,0.5266941191520722,0.25934197807335563,1.759695073010938,-0.1946814828704535,0.9119047619047619,1.0,1149,0.9119047619047619,0.21428571428571427,270.0,0.27,155,44
r2_0.30_buffer_1.00,full,0.3,1.0,True,False,2011-12-09,2026-09-02,3578,0.2640461111333996,0.2146238878837897,1.1987171869877569,-0.25718148445536915,0.7554499720514254,1.0,2703,0.7554499720514254,0.1819452207937395,651.0,0.651,404,0
r2_0.30_buffer_1.00,last_10y,0.3,1.0,True,False,2016-04-21,2026-09-02,2520,0.3147136577585552,0.22325323357172902,1.3366899118659403,-0.18159365390350934,0.8773809523809524,1.0,2211,0.8773809523809524,0.21666666666666667,546.0,0.546,324,0
r2_0.30_buffer_1.00,last_1y,0.3,1.0,True,False,2025-08-20,2026-09-02,252,0.591819535507722,0.30301052635345266,1.6865401102152304,-0.1300136590328822,0.8809523809523809,1.0,222,0.8809523809523809,0.3412698412698413,86.0,0.08600000000000001,51,0
r2_0.30_buffer_1.00,last_3y,0.3,1.0,True,False,2023-07-24,2026-09-02,756,0.6120923750757437,0.2763637784543763,1.8646644984730034,-0.1548616382533341,0.9007936507936508,1.0,681,0.9007936507936508,0.25396825396825395,192.0,0.192,109,0
r2_0.30_buffer_1.00,last_5y,0.3,1.0,True,False,2021-06-25,2026-09-02,1260,0.49626564056582745,0.2506785301294435,1.7316766261211978,-0.17783441893486174,0.8944444444444445,1.0,1127,0.8944444444444445,0.2365079365079365,298.0,0.298,173,0
r2_0.30_buffer_1.02,full,0.3,1.02,True,True,2011-12-09,2026-09-02,3578,0.2650479847394256,0.21469345528828557,1.2020938310728226,-0.2736584197061822,0.7554499720514254,1.0,2703,0.7554499720514254,0.1791503633314701,641.0,0.641,399,12
r2_0.30_buffer_1.02,last_10y,0.3,1.02,True,True,2016-04-21,2026-09-02,2520,0.3161934243910123,0.22334734302194226,1.341265351483693,-0.19974725143950978,0.8773809523809524,1.0,2211,0.8773809523809524,0.2126984126984127,536.0,0.536,319,12
r2_0.30_buffer_1.02,last_1y,0.3,1.02,True,True,2025-08-20,2026-09-02,252,0.5948726307980821,0.3031291564894534,1.692330449643144,-0.13001365903288176,0.8809523809523809,1.0,222,0.8809523809523809,0.3412698412698413,86.0,0.08600000000000001,51,1
r2_0.30_buffer_1.02,last_3y,0.3,1.02,True,True,2023-07-24,2026-09-02,756,0.6132209403148652,0.27582647930092946,1.8703009547896106,-0.15486163825333443,0.9007936507936508,1.0,681,0.9007936507936508,0.24867724867724866,188.0,0.188,107,3
r2_0.30_buffer_1.02,last_5y,0.3,1.02,True,True,2021-06-25,2026-09-02,1260,0.49132034115823164,0.250517228765437,1.719394945141379,-0.19344603698376817,0.8944444444444445,1.0,1127,0.8944444444444445,0.23333333333333334,294.0,0.294,171,5
r2_0.30_buffer_1.03,full,0.3,1.03,True,True,2011-12-09,2026-09-02,3578,0.26618497908300265,0.2145804441771576,1.20680409681019,-0.27391346370383585,0.7554499720514254,1.0,2703,0.7554499720514254,0.1791503633314701,641.0,0.641,399,17
r2_0.30_buffer_1.03,last_10y,0.3,1.03,True,True,2016-04-21,2026-09-02,2520,0.31787336038101865,0.22319216935529537,1.3477634340653821,-0.20002824823999976,0.8773809523809524,1.0,2211,0.8773809523809524,0.2126984126984127,536.0,0.536,319,17
r2_0.30_buffer_1.03,last_1y,0.3,1.03,True,True,2025-08-20,2026-09-02,252,0.594872630798085,0.30312915648945327,1.6923304496431493,-0.13001365903288176,0.8809523809523809,1.0,222,0.8809523809523809,0.3412698412698413,86.0,0.08600000000000001,51,1
r2_0.30_buffer_1.03,last_3y,0.3,1.03,True,True,2023-07-24,2026-09-02,756,0.6130544274730934,0.27562219573310315,1.8711084203707387,-0.1548616382533342,0.9007936507936508,1.0,681,0.9007936507936508,0.24867724867724866,188.0,0.188,107,5
r2_0.30_buffer_1.03,last_5y,0.3,1.03,True,True,2021-06-25,2026-09-02,1260,0.49468559991466154,0.2502222476323039,1.7301482513359954,-0.19344603698376772,0.8944444444444445,1.0,1127,0.8944444444444445,0.23333333333333334,294.0,0.294,171,8
r2_0.30_buffer_1.05,full,0.3,1.05,True,True,2011-12-09,2026-09-02,3578,0.26693360539432476,0.21444245863828018,1.2102016311161408,-0.26958850533694034,0.7554499720514254,1.0,2703,0.7554499720514254,0.1785913918390162,639.0,0.639,398,27
r2_0.30_buffer_1.05,last_10y,0.3,1.05,True,True,2016-04-21,2026-09-02,2520,0.31839582358235474,0.22300851395115842,1.3504692964910148,-0.19526319015380744,0.8773809523809524,1.0,2211,0.8773809523809524,0.2119047619047619,534.0,0.534,318,25
r2_0.30_buffer_1.05,last_1y,0.3,1.05,True,True,2025-08-20,2026-09-02,252,0.6000196280492804,0.30295656511231955,1.7037753629961947,-0.13001365903288165,0.8809523809523809,1.0,222,0.8809523809523809,0.3412698412698413,86.0,0.08600000000000001,51,2
r2_0.30_buffer_1.05,last_3y,0.3,1.05,True,True,2023-07-24,2026-09-02,756,0.6157245929812403,0.2755782205675281,1.8773757291960713,-0.15486163825333443,0.9007936507936508,1.0,681,0.9007936507936508,0.24867724867724866,188.0,0.188,107,7
r2_0.30_buffer_1.05,last_5y,0.3,1.05,True,True,2021-06-25,2026-09-02,1260,0.49710501872192325,0.2501946318864538,1.7367862358800923,-0.19344603698376828,0.8944444444444445,1.0,1127,0.8944444444444445,0.23333333333333334,294.0,0.294,171,11
r2_0.30_buffer_1.08,full,0.3,1.08,True,True,2011-12-09,2026-09-02,3578,0.2615439232658121,0.21428395681887,1.1910245297009951,-0.2695885053369399,0.7554499720514254,1.0,2703,0.7554499720514254,0.17467859139183903,625.0,0.625,391,41
r2_0.30_buffer_1.08,last_10y,0.3,1.08,True,True,2016-04-21,2026-09-02,2520,0.3141748170265577,0.22283300173772108,1.3369512336186318,-0.1952631901538069,0.8773809523809524,1.0,2211,0.8773809523809524,0.20634920634920634,520.0,0.52,311,37
r2_0.30_buffer_1.08,last_1y,0.3,1.08,True,True,2025-08-20,2026-09-02,252,0.5523563308853177,0.30305359995724224,1.6033574594219442,-0.13001365903288165,0.8809523809523809,1.0,222,0.8809523809523809,0.30952380952380953,78.0,0.078,47,6
r2_0.30_buffer_1.08,last_3y,0.3,1.08,True,True,2023-07-24,2026-09-02,756,0.5859395046028155,0.27534499036642707,1.8110316776201971,-0.1548616382533341,0.9007936507936508,1.0,681,0.9007936507936508,0.2328042328042328,176.0,0.176,101,13
r2_0.30_buffer_1.08,last_5y,0.3,1.08,True,True,2021-06-25,2026-09-02,1260,0.4772018776643696,0.2500703273884053,1.6839222655631068,-0.19344603698376828,0.8944444444444445,1.0,1127,0.8944444444444445,0.22380952380952382,282.0,0.28200000000000003,165,18
r2_0.30_buffer_1.10,full,0.3,1.1,True,True,2011-12-09,2026-09-02,3578,0.2544366611869029,0.2143397186793312,1.164389568231512,-0.25759294135877797,0.7554499720514254,1.0,2703,0.7554499720514254,0.17300167691447735,619.0,0.619,388,48
r2_0.30_buffer_1.10,last_10y,0.3,1.1,True,True,2016-04-21,2026-09-02,2520,0.3036750803380217,0.22291505496899164,1.3005195137998338,-0.19344603698376772,0.8773809523809524,1.0,2211,0.8773809523809524,0.20396825396825397,514.0,0.514,308,44
r2_0.30_buffer_1.10,last_1y,0.3,1.1,True,True,2025-08-20,2026-09-02,252,0.5171577424157918,0.3033721758377798,1.5262477425228647,-0.13001365903288176,0.8809523809523809,1.0,222,0.8809523809523809,0.30952380952380953,78.0,0.078,47,7
r2_0.30_buffer_1.10,last_3y,0.3,1.1,True,True,2023-07-24,2026-09-02,756,0.5619497029998162,0.2753906440744151,1.755320994433904,-0.15486163825333465,0.9007936507936508,1.0,681,0.9007936507936508,0.2328042328042328,176.0,0.176,101,17
r2_0.30_buffer_1.10,last_5y,0.3,1.1,True,True,2021-06-25,2026-09-02,1260,0.45913097550532034,0.25046686981477617,1.6324380753918817,-0.19344603698376772,0.8944444444444445,1.0,1127,0.8944444444444445,0.2222222222222222,280.0,0.28,164,24
r2_0.30_buffer_1.15,full,0.3,1.15,True,True,2011-12-09,2026-09-02,3578,0.2573414107146188,0.2138391755961049,1.1774416538266892,-0.25759294135877886,0.7554499720514254,1.0,2703,0.7554499720514254,0.17020681945220795,609.0,0.609,383,70
r2_0.30_buffer_1.15,last_10y,0.3,1.15,True,True,2016-04-21,2026-09-02,2520,0.30792300773690706,0.2222245234141851,1.3185259022706284,-0.19344603698376805,0.8773809523809524,1.0,2211,0.8773809523809524,0.2,504.0,0.504,303,65
r2_0.30_buffer_1.15,last_1y,0.3,1.15,True,True,2025-08-20,2026-09-02,252,0.5171577424157889,0.3033721758377798,1.5262477425228616,-0.13001365903288242,0.8809523809523809,1.0,222,0.8809523809523809,0.30952380952380953,78.0,0.078,47,7
r2_0.30_buffer_1.15,last_3y,0.3,1.15,True,True,2023-07-24,2026-09-02,756,0.5715673754031445,0.2745299800869838,1.7823711132204685,-0.16030541754357597,0.9007936507936508,1.0,681,0.9007936507936508,0.2275132275132275,172.0,0.172,99,22
r2_0.30_buffer_1.15,last_5y,0.3,1.15,True,True,2021-06-25,2026-09-02,1260,0.46560983283752577,0.24959524960774435,1.6550414120984984,-0.1934460369837684,0.8944444444444445,1.0,1127,0.8944444444444445,0.21746031746031746,274.0,0.274,161,34
r2_0.30_buffer_1.20,full,0.3,1.2,True,True,2011-12-09,2026-09-02,3578,0.24341755956623934,0.2141442315256624,1.1240231124581797,-0.2553945918301963,0.7554499720514254,1.0,2703,0.7554499720514254,0.16964784795975404,607.0,0.607,382,92
r2_0.30_buffer_1.20,last_10y,0.3,1.2,True,True,2016-04-21,2026-09-02,2520,0.2874059451046087,0.22265212458325212,1.245336535909223,-0.19344603698376872,0.8773809523809524,1.0,2211,0.8773809523809524,0.1992063492063492,502.0,0.502,302,87
r2_0.30_buffer_1.20,last_1y,0.3,1.2,True,True,2025-08-20,2026-09-02,252,0.5039707963126248,0.3035325141495864,1.4967879245993585,-0.13001365903288198,0.8809523809523809,1.0,222,0.8809523809523809,0.30952380952380953,78.0,0.078,47,8
r2_0.30_buffer_1.20,last_3y,0.3,1.2,True,True,2023-07-24,2026-09-02,756,0.5308198454085495,0.27515581939428313,1.6832983362883505,-0.1603054175435754,0.9007936507936508,1.0,681,0.9007936507936508,0.22486772486772486,170.0,0.16999999999999998,98,31
r2_0.30_buffer_1.20,last_5y,0.3,1.2,True,True,2021-06-25,2026-09-02,1260,0.43983954592529084,0.2500763017252363,1.5812942266369359,-0.19344603698376817,0.8944444444444445,1.0,1127,0.8944444444444445,0.21587301587301588,272.0,0.272,160,44
r2_0.40_buffer_1.00,full,0.4,1.0,True,False,2011-12-09,2026-09-02,3578,0.19485000087676374,0.20101219554258334,0.9863098321679721,-0.2664186682354771,0.7020681945220794,1.0,2512,0.7020681945220794,0.1825041922861934,653.0,0.653,432,0
r2_0.40_buffer_1.00,last_10y,0.4,1.0,True,False,2016-04-21,2026-09-02,2520,0.22157219418426566,0.20717176392790557,1.0697976191777714,-0.23986854036205596,0.8218253968253968,1.0,2071,0.8218253968253968,0.21666666666666667,546.0,0.546,345,0
r2_0.40_buffer_1.00,last_1y,0.4,1.0,True,False,2025-08-20,2026-09-02,252,0.36452063762635123,0.2882289212572809,1.2225852986064731,-0.18024498504249298,0.7976190476190477,1.0,201,0.7976190476190477,0.3412698412698413,86.0,0.08600000000000001,53,0
r2_0.40_buffer_1.00,last_3y,0.4,1.0,True,False,2023-07-24,2026-09-02,756,0.37781445975713157,0.24042018415717364,1.453677737044141,-0.23986854036205485,0.8584656084656085,1.0,649,0.8584656084656085,0.25396825396825395,192.0,0.192,116,0
r2_0.40_buffer_1.00,last_5y,0.4,1.0,True,False,2021-06-25,2026-09-02,1260,0.34409581041608384,0.22582864354819815,1.42239552196848,-0.23986854036205563,0.8452380952380952,1.0,1065,0.8452380952380952,0.23492063492063492,296.0,0.29600000000000004,184,0
r2_0.40_buffer_1.02,full,0.4,1.02,True,True,2011-12-09,2026-09-02,3578,0.1957533448204345,0.20108643425423844,0.9897827370711065,-0.2826907075717975,0.7020681945220794,1.0,2512,0.7020681945220794,0.17970933482392398,643.0,0.643,427,11
r2_0.40_buffer_1.02,last_10y,0.4,1.02,True,True,2016-04-21,2026-09-02,2520,0.2228836920643129,0.20727353724098338,1.0745577020612036,-0.23972919661036285,0.8218253968253968,1.0,2071,0.8218253968253968,0.2126984126984127,536.0,0.536,340,11
r2_0.40_buffer_1.02,last_1y,0.4,1.02,True,True,2025-08-20,2026-09-02,252,0.367137775712304,0.28835790178894977,1.2288192373202773,-0.1786727024315624,0.7976190476190477,1.0,201,0.7976190476190477,0.3412698412698413,86.0,0.08600000000000001,53,1
r2_0.40_buffer_1.02,last_3y,0.4,1.02,True,True,2023-07-24,2026-09-02,756,0.37877901583920415,0.23980388059808203,1.459718957080077,-0.23972919661036252,0.8584656084656085,1.0,649,0.8584656084656085,0.24867724867724866,188.0,0.188,114,3
r2_0.40_buffer_1.02,last_5y,0.4,1.02,True,True,2021-06-25,2026-09-02,1260,0.33951447514096333,0.2256406573883921,1.4082443198321704,-0.2397291966103623,0.8452380952380952,1.0,1065,0.8452380952380952,0.23174603174603176,292.0,0.29200000000000004,182,4
r2_0.40_buffer_1.03,full,0.4,1.03,True,True,2011-12-09,2026-09-02,3578,0.19682805882794585,0.20096679161734848,0.9947253505407456,-0.28294258001646877,0.7020681945220794,1.0,2512,0.7020681945220794,0.17970933482392398,643.0,0.643,427,16
r2_0.40_buffer_1.03,last_10y,0.4,1.03,True,True,2016-04-21,2026-09-02,2520,0.22444453129038644,0.20710814955868084,1.0814135920703134,-0.23972919661036318,0.8218253968253968,1.0,2071,0.8218253968253968,0.2126984126984127,536.0,0.536,340,16
r2_0.40_buffer_1.03,last_1y,0.4,1.03,True,True,2025-08-20,2026-09-02,252,0.3671377757123031,0.2883579017889498,1.2288192373202758,-0.1786727024315624,0.7976190476190477,1.0,201,0.7976190476190477,0.3412698412698413,86.0,0.08600000000000001,53,1
r2_0.40_buffer_1.03,last_3y,0.4,1.03,True,True,2023-07-24,2026-09-02,756,0.3786367015371963,0.2395684438799013,1.460487652331565,-0.23972919661036252,0.8584656084656085,1.0,649,0.8584656084656085,0.24867724867724866,188.0,0.188,114,5
r2_0.40_buffer_1.03,last_5y,0.4,1.03,True,True,2021-06-25,2026-09-02,1260,0.34253717435079833,0.22531745489425517,1.4199552432226175,-0.23972919661036363,0.8452380952380952,1.0,1065,0.8452380952380952,0.23174603174603176,292.0,0.29200000000000004,182,7
r2_0.40_buffer_1.05,full,0.4,1.05,True,True,2011-12-09,2026-09-02,3578,0.1995174038324481,0.2009026238599976,1.0061583871281445,-0.2786714038782613,0.7020681945220794,1.0,2512,0.7020681945220794,0.1785913918390162,639.0,0.639,425,24
r2_0.40_buffer_1.05,last_10y,0.4,1.05,True,True,2016-04-21,2026-09-02,2520,0.22780905628598558,0.20702334471633532,1.0950363657850093,-0.23972919661036218,0.8218253968253968,1.0,2071,0.8218253968253968,0.2111111111111111,532.0,0.532,338,22
r2_0.40_buffer_1.05,last_1y,0.4,1.05,True,True,2025-08-20,2026-09-02,252,0.3742984204105635,0.2879830902373788,1.2481997939156282,-0.1743708441526448,0.7976190476190477,1.0,201,0.7976190476190477,0.3333333333333333,84.0,0.084,52,2
r2_0.40_buffer_1.05,last_3y,0.4,1.05,True,True,2023-07-24,2026-09-02,756,0.3818406662096401,0.23944211909704116,1.470836024981747,-0.23972919661036285,0.8584656084656085,1.0,649,0.8584656084656085,0.24603174603174602,186.0,0.186,113,7
r2_0.40_buffer_1.05,last_5y,0.4,1.05,True,True,2021-06-25,2026-09-02,1260,0.34524884396503785,0.22523901403426919,1.4293385406608294,-0.23972919661036263,0.8452380952380952,1.0,1065,0.8452380952380952,0.23015873015873015,290.0,0.29000000000000004,181,10
r2_0.40_buffer_1.08,full,0.4,1.08,True,True,2011-12-09,2026-09-02,3578,0.1946776229579601,0.2007435640038567,0.9866425676513411,-0.27867140387826084,0.7020681945220794,1.0,2512,0.7020681945220794,0.17467859139183903,625.0,0.625,418,36
r2_0.40_buffer_1.08,last_10y,0.4,1.08,True,True,2016-04-21,2026-09-02,2520,0.22426087443629328,0.20685015536166787,1.0817785437875955,-0.23972919661036185,0.8218253968253968,1.0,2071,0.8218253968253968,0.20555555555555555,518.0,0.518,331,32
r2_0.40_buffer_1.08,last_1y,0.4,1.08,True,True,2025-08-20,2026-09-02,252,0.34706094739590876,0.28813659570911604,1.1781383526858717,-0.1743708441526436,0.7976190476190477,1.0,201,0.7976190476190477,0.30158730158730157,76.0,0.07600000000000001,48,5
r2_0.40_buffer_1.08,last_3y,0.4,1.08,True,True,2023-07-24,2026-09-02,756,0.3609973565682887,0.2391692212656115,1.408619403030068,-0.23972919661036285,0.8584656084656085,1.0,649,0.8584656084656085,0.23015873015873015,174.0,0.174,107,12
r2_0.40_buffer_1.08,last_5y,0.4,1.08,True,True,2021-06-25,2026-09-02,1260,0.33008143155737946,0.225105046618966,1.379628808705559,-0.23972919661036174,0.8452380952380952,1.0,1065,0.8452380952380952,0.22063492063492063,278.0,0.278,175,16
r2_0.40_buffer_1.10,full,0.4,1.1,True,True,2011-12-09,2026-09-02,3578,0.1901184811692449,0.2006390971005065,0.9679808992195781,-0.27867140387826084,0.7020681945220794,1.0,2512,0.7020681945220794,0.17411961989938513,623.0,0.623,417,40
r2_0.40_buffer_1.10,last_10y,0.4,1.1,True,True,2016-04-21,2026-09-02,2520,0.21763264054851916,0.20670880598638866,1.0560917244994752,-0.26374708066283536,0.8218253968253968,1.0,2071,0.8218253968253968,0.20476190476190476,516.0,0.516,330,36
r2_0.40_buffer_1.10,last_1y,0.4,1.1,True,True,2025-08-20,2026-09-02,252,0.34706094739590676,0.2881365957091161,1.178138352685867,-0.17437084415264448,0.7976190476190477,1.0,201,0.7976190476190477,0.30158730158730157,76.0,0.07600000000000001,48,5
r2_0.40_buffer_1.10,last_3y,0.4,1.1,True,True,2023-07-24,2026-09-02,756,0.350697001724517,0.2390650370057553,1.3773083385718672,-0.2637470806628357,0.8584656084656085,1.0,649,0.8584656084656085,0.23015873015873015,174.0,0.17400000000000002,107,15
r2_0.40_buffer_1.10,last_5y,0.4,1.1,True,True,2021-06-25,2026-09-02,1260,0.32495073684490494,0.2250298076030715,1.3628183526378093,-0.2637470806628355,0.8452380952380952,1.0,1065,0.8452380952380952,0.22063492063492063,278.0,0.278,175,20
r2_0.40_buffer_1.15,full,0.4,1.15,True,True,2011-12-09,2026-09-02,3578,0.19309114551828088,0.20026812511865758,0.9818687868397323,-0.27867140387826117,0.7020681945220794,1.0,2512,0.7020681945220794,0.1718837339295696,615.0,0.615,413,60
r2_0.40_buffer_1.15,last_10y,0.4,1.15,True,True,2016-04-21,2026-09-02,2520,0.2219155223748559,0.2061907127544204,1.0752700537204736,-0.2331812648132684,0.8218253968253968,1.0,2071,0.8218253968253968,0.2015873015873016,508.0,0.508,326,55
r2_0.40_buffer_1.15,last_1y,0.4,1.15,True,True,2025-08-20,2026-09-02,252,0.34706094739590987,0.28813659570911604,1.1781383526858724,-0.17437084415264403,0.7976190476190477,1.0,201,0.7976190476190477,0.30158730158730157,76.0,0.07600000000000001,48,5
r2_0.40_buffer_1.15,last_3y,0.4,1.15,True,True,2023-07-24,2026-09-02,756,0.3578551217603865,0.23818686026298455,1.4037385671998257,-0.23318126481326906,0.8584656084656085,1.0,649,0.8584656084656085,0.22486772486772486,170.0,0.17,105,20
r2_0.40_buffer_1.15,last_5y,0.4,1.15,True,True,2021-06-25,2026-09-02,1260,0.33015284445416504,0.22412952990873852,1.3848949885475828,-0.23318126481326895,0.8452380952380952,1.0,1065,0.8452380952380952,0.21587301587301588,272.0,0.272,172,30
r2_0.40_buffer_1.20,full,0.4,1.2,True,True,2011-12-09,2026-09-02,3578,0.18175502973410085,0.20049138623382623,0.9333507417935286,-0.2765354700118189,0.7020681945220794,1.0,2512,0.7020681945220794,0.1713247624371157,613.0,0.613,412,79
r2_0.40_buffer_1.20,last_10y,0.4,1.2,True,True,2016-04-21,2026-09-02,2520,0.20546411949143595,0.20650453159952337,1.008261222588448,-0.24943828220699016,0.8218253968253968,1.0,2071,0.8218253968253968,0.2007936507936508,506.0,0.506,325,74
r2_0.40_buffer_1.20,last_1y,0.4,1.2,True,True,2025-08-20,2026-09-02,252,0.33535246144592334,0.2882906159437091,1.147340424245934,-0.17437084415264348,0.7976190476190477,1.0,201,0.7976190476190477,0.30158730158730157,76.0,0.076,48,6
r2_0.40_buffer_1.20,last_3y,0.4,1.2,True,True,2023-07-24,2026-09-02,756,0.32509769080633455,0.238717134979552,1.2987308008083163,-0.24943828220698927,0.8584656084656085,1.0,649,0.8584656084656085,0.2222222222222222,168.0,0.16799999999999998,104,28
r2_0.40_buffer_1.20,last_5y,0.4,1.2,True,True,2021-06-25,2026-09-02,1260,0.3082155436403211,0.224554641549418,1.3085586242444005,-0.24943828220699005,0.8452380952380952,1.0,1065,0.8452380952380952,0.21428571428571427,270.0,0.27,171,39
r2_0.50_buffer_1.00,full,0.5,1.0,True,False,2011-12-09,2026-09-02,3578,0.1214788533126534,0.19053559862463207,0.6971291226294164,-0.27008774242808153,0.6361095584125209,1.0,2276,0.6361095584125209,0.17691447736165455,633.0,0.633,434,0
r2_0.50_buffer_1.00,last_10y,0.5,1.0,True,False,2016-04-21,2026-09-02,2520,0.1649526431763324,0.19838841779084854,0.8688789277563204,-0.270087742428082,0.7563492063492063,1.0,1906,0.7563492063492063,0.20952380952380953,528.0,0.528,346,0
r2_0.50_buffer_1.00,last_1y,0.5,1.0,True,False,2025-08-20,2026-09-02,252,0.39508934884174907,0.2826338163248557,1.319592763832681,-0.15890520005654407,0.746031746031746,1.0,188,0.746031746031746,0.30952380952380953,78.0,0.07800000000000001,49,0
r2_0.50_buffer_1.00,last_3y,0.5,1.0,True,False,2023-07-24,2026-09-02,756,0.28866430948891186,0.2316018324007416,1.2109329823867403,-0.2700877424280822,0.7976190476190477,1.0,603,0.7976190476190477,0.24867724867724866,188.0,0.188,119,0
r2_0.50_buffer_1.00,last_5y,0.5,1.0,True,False,2021-06-25,2026-09-02,1260,0.2781843651106848,0.2170249575879109,1.239244882681643,-0.2700877424280823,0.7793650793650794,1.0,982,0.7793650793650794,0.22380952380952382,282.0,0.28200000000000003,182,0
r2_0.50_buffer_1.02,full,0.5,1.02,True,True,2011-12-09,2026-09-02,3578,0.12078311688985077,0.19055740580048572,0.6938152728780855,-0.27704693633073163,0.6361095584125209,1.0,2276,0.6361095584125209,0.17411961989938513,623.0,0.623,429,8
r2_0.50_buffer_1.02,last_10y,0.5,1.02,True,True,2016-04-21,2026-09-02,2520,0.1639266484011095,0.19841884420314312,0.8643357542154202,-0.2699539383194812,0.7563492063492063,1.0,1906,0.7563492063492063,0.20555555555555555,518.0,0.518,341,8
r2_0.50_buffer_1.02,last_1y,0.5,1.02,True,True,2025-08-20,2026-09-02,252,0.39508934884175306,0.2826338163248557,1.3195927638326876,-0.15890520005654274,0.746031746031746,1.0,188,0.746031746031746,0.30952380952380953,78.0,0.07800000000000001,49,0
r2_0.50_buffer_1.02,last_3y,0.5,1.02,True,True,2023-07-24,2026-09-02,756,0.28874304865344236,0.2309081687958229,1.214142120996783,-0.2699539383194819,0.7976190476190477,1.0,603,0.7976190476190477,0.24338624338624337,184.0,0.184,117,2
r2_0.50_buffer_1.02,last_5y,0.5,1.02,True,True,2021-06-25,2026-09-02,1260,0.2733396118111191,0.21679109676150504,1.2228155851531035,-0.26995393831948145,0.7793650793650794,1.0,982,0.7793650793650794,0.22063492063492063,278.0,0.278,180,3
r2_0.50_buffer_1.03,full,0.5,1.03,True,True,2011-12-09,2026-09-02,3578,0.12230845937160129,0.1904720132339741,0.7011834861300948,-0.2773007905013817,0.6361095584125209,1.0,2276,0.6361095584125209,0.17356064840693125,621.0,0.621,428,11
r2_0.50_buffer_1.03,last_10y,0.5,1.03,True,True,2016-04-21,2026-09-02,2520,0.16617640335869122,0.1983008846629663,0.8744743653768067,-0.26995393831948145,0.7563492063492063,1.0,1906,0.7563492063492063,0.20476190476190476,516.0,0.516,340,11
r2_0.50_buffer_1.03,last_1y,0.5,1.03,True,True,2025-08-20,2026-09-02,252,0.3950893488417522,0.2826338163248556,1.3195927638326843,-0.15890520005654296,0.746031746031746,1.0,188,0.746031746031746,0.30952380952380953,78.0,0.07800000000000001,49,0
r2_0.50_buffer_1.03,last_3y,0.5,1.03,True,True,2023-07-24,2026-09-02,756,0.29135745199915974,0.23088951514286538,1.223008374687592,-0.269953938319482,0.7976190476190477,1.0,603,0.7976190476190477,0.24338624338624337,184.0,0.184,117,3
r2_0.50_buffer_1.03,last_5y,0.5,1.03,True,True,2021-06-25,2026-09-02,1260,0.278356635686249,0.21656061238908345,1.2420596318138375,-0.269953938319482,0.7793650793650794,1.0,982,0.7793650793650794,0.21904761904761905,276.0,0.276,179,5
r2_0.50_buffer_1.05,full,0.5,1.05,True,True,2011-12-09,2026-09-02,3578,0.12427879059446623,0.1904387917986727,0.7104874170126726,-0.2729960088581168,0.6361095584125209,1.0,2276,0.6361095584125209,0.17300167691447735,619.0,0.619,427,17
r2_0.50_buffer_1.05,last_10y,0.5,1.05,True,True,2016-04-21,2026-09-02,2520,0.16856675315847447,0.1982584469595687,0.88495377565086,-0.26995393831948034,0.7563492063492063,1.0,1906,0.7563492063492063,0.20396825396825397,514.0,0.514,339,15
r2_0.50_buffer_1.05,last_1y,0.5,1.05,True,True,2025-08-20,2026-09-02,252,0.3950893488417515,0.2826338163248556,1.3195927638326854,-0.1589052000565433,0.746031746031746,1.0,188,0.746031746031746,0.30952380952380953,78.0,0.07800000000000001,49,0
r2_0.50_buffer_1.05,last_3y,0.5,1.05,True,True,2023-07-24,2026-09-02,756,0.29135745199916174,0.23088951514286538,1.223008374687594,-0.26995393831948034,0.7976190476190477,1.0,603,0.7976190476190477,0.24338624338624337,184.0,0.184,117,3
r2_0.50_buffer_1.05,last_5y,0.5,1.05,True,True,2021-06-25,2026-09-02,1260,0.2791558388505988,0.21656267305682972,1.244938883244015,-0.2699539383194818,0.7793650793650794,1.0,982,0.7793650793650794,0.21904761904761905,276.0,0.276,179,6
r2_0.50_buffer_1.08,full,0.5,1.08,True,True,2011-12-09,2026-09-02,3578,0.11840961589951449,0.19034656907346648,0.6832311374874919,-0.27299600885811726,0.6361095584125209,1.0,2276,0.6361095584125209,0.16908887646730017,605.0,0.605,420,28
r2_0.50_buffer_1.08,last_10y,0.5,1.08,True,True,2016-04-21,2026-09-02,2520,0.1632208515021809,0.19818678751693405,0.862054796448732,-0.26995393831948233,0.7563492063492063,1.0,1906,0.7563492063492063,0.1984126984126984,500.0,0.5,332,24
r2_0.50_buffer_1.08,last_1y,0.5,1.08,True,True,2025-08-20,2026-09-02,252,0.3674398165947754,0.28279401376616686,1.2481377327184946,-0.15890520005654307,0.746031746031746,1.0,188,0.746031746031746,0.2777777777777778,70.0,0.07,45,3
r2_0.50_buffer_1.08,last_3y,0.5,1.08,True,True,2023-07-24,2026-09-02,756,0.2718789666079928,0.23058814063393254,1.1583341664033948,-0.2699539383194819,0.7976190476190477,1.0,603,0.7976190476190477,0.2275132275132275,172.0,0.172,111,8
r2_0.50_buffer_1.08,last_5y,0.5,1.08,True,True,2021-06-25,2026-09-02,1260,0.26473361189344446,0.21641241309425208,1.1932120359295286,-0.2699539383194821,0.7793650793650794,1.0,982,0.7793650793650794,0.20952380952380953,264.0,0.264,173,12
r2_0.50_buffer_1.10,full,0.5,1.1,True,True,2011-12-09,2026-09-02,3578,0.1146414308523871,0.19023735923374452,0.6657653316874116,-0.293016985833909,0.6361095584125209,1.0,2276,0.6361095584125209,0.16908887646730017,605.0,0.605,420,34
r2_0.50_buffer_1.10,last_10y,0.5,1.1,True,True,2016-04-21,2026-09-02,2520,0.1576601980513066,0.19804172204339043,0.8383298880198756,-0.29301698583390934,0.7563492063492063,1.0,1906,0.7563492063492063,0.1984126984126984,500.0,0.5,332,30
r2_0.50_buffer_1.10,last_1y,0.5,1.1,True,True,2025-08-20,2026-09-02,252,0.36743981659477565,0.28279401376616686,1.248137732718494,-0.15890520005654307,0.746031746031746,1.0,188,0.746031746031746,0.2777777777777778,70.0,0.07,45,3
r2_0.50_buffer_1.10,last_3y,0.5,1.1,True,True,2023-07-24,2026-09-02,756,0.2622530811415982,0.23047090519218122,1.1258079829818155,-0.29301698583390934,0.7976190476190477,1.0,603,0.7976190476190477,0.2275132275132275,172.0,0.17200000000000001,111,11
r2_0.50_buffer_1.10,last_5y,0.5,1.1,True,True,2021-06-25,2026-09-02,1260,0.2598549917569082,0.21633041966373104,1.175697993908826,-0.29301698583390945,0.7793650793650794,1.0,982,0.7793650793650794,0.20952380952380953,264.0,0.264,173,16
r2_0.50_buffer_1.15,full,0.5,1.15,True,True,2011-12-09,2026-09-02,3578,0.11995118204430533,0.19005494689389682,0.6912350517194549,-0.2729960088581169,0.6361095584125209,1.0,2276,0.6361095584125209,0.16573504751257687,593.0,0.593,414,55
r2_0.50_buffer_1.15,last_10y,0.5,1.15,True,True,2016-04-21,2026-09-02,2520,0.16546205652178814,0.19778217258742634,0.873146958467162,-0.26963286010662346,0.7563492063492063,1.0,1906,0.7563492063492063,0.19365079365079366,488.0,0.488,326,50
r2_0.50_buffer_1.15,last_1y,0.5,1.15,True,True,2025-08-20,2026-09-02,252,0.367439816594775,0.28279401376616686,1.2481377327184926,-0.1589052000565433,0.746031746031746,1.0,188,0.746031746031746,0.2777777777777778,70.0,0.07,45,3
r2_0.50_buffer_1.15,last_3y,0.5,1.15,True,True,2023-07-24,2026-09-02,756,0.28337549796491657,0.2302789178037908,1.198693848180291,-0.2696328601066249,0.7976190476190477,1.0,603,0.7976190476190477,0.21693121693121692,164.0,0.164,107,16
r2_0.50_buffer_1.15,last_5y,0.5,1.15,True,True,2021-06-25,2026-09-02,1260,0.27341353204847874,0.21585460388741587,1.2274448690701056,-0.26963286010662435,0.7793650793650794,1.0,982,0.7793650793650794,0.2015873015873016,254.0,0.254,168,26
r2_0.50_buffer_1.20,full,0.5,1.2,True,True,2011-12-09,2026-09-02,3578,0.11046124963274062,0.19014987619651505,0.6462143514092036,-0.27335907466396814,0.6361095584125209,1.0,2276,0.6361095584125209,0.16517607602012296,591.0,0.591,413,70
r2_0.50_buffer_1.20,last_10y,0.5,1.2,True,True,2016-04-21,2026-09-02,2520,0.15146529728778324,0.197921242654294,0.8115918255115037,-0.26015879093726246,0.7563492063492063,1.0,1906,0.7563492063492063,0.19285714285714287,486.0,0.486,325,65
r2_0.50_buffer_1.20,last_1y,0.5,1.2,True,True,2025-08-20,2026-09-02,252,0.3555542000523302,0.28295258897176173,1.216700592156614,-0.15890520005654296,0.746031746031746,1.0,188,0.746031746031746,0.2777777777777778,70.0,0.07,45,4
r2_0.50_buffer_1.20,last_3y,0.5,1.2,True,True,2023-07-24,2026-09-02,756,0.26889197198500225,0.23035822232408182,1.1490382988695769,-0.2601587909372627,0.7976190476190477,1.0,603,0.7976190476190477,0.21428571428571427,162.0,0.162,106,22
r2_0.50_buffer_1.20,last_5y,0.5,1.2,True,True,2021-06-25,2026-09-02,1260,0.2622723941299925,0.21599834407742075,1.1860472702501907,-0.260158790937262,0.7793650793650794,1.0,982,0.7793650793650794,0.2,252.0,0.252,167,33
